,id,id_,score
23759,1261,1262,1.0
2998,170,27,1.0
3000,170,658,1.0
3001,170,802,1.0
12035,638,639,1.0
12034,638,8,1.0
12029,637,957,1.0
12028,637,638,1.0
12027,637,326,1.0
12026,637,7,1.0
18936,1005,375,1.0
18937,1005,1006,1.0
11999,636,637,1.0
3036,171,172,1.0
3037,171,803,1.0
11998,636,6,1.0
11983,635,636,1.0
11982,635,5,1.0
3046,172,173,1.0
3047,172,804,1.0
11957,634,635,1.0
11956,634,4,1.0
5935,316,948,1.0
5934,316,317,1.0
22549,1194,1195,1.0
22548,1194,564,1.0
3062,173,174,1.0
2999,170,171,1.0
12062,639,9,1.0
2707,153,785,1.0
12063,639,640,1.0
12167,644,891,1.0
12166,644,645,1.0
12165,644,260,1.0
12164,644,14,1.0
18890,1003,373,1.0
18891,1003,1004,1.0
12133,643,644,1.0
12132,643,13,1.0
18908,1004,374,1.0
18909,1004,1005,1.0
12121,642,643,1.0
2966,168,169,1.0
2967,168,800,1.0
12120,642,12,1.0
12105,641,642,1.0
12104,641,11,1.0
12093,640,641,1.0
12092,640,10,1.0
5949,317,949,1.0
5948,317,318,1.0
2978,169,170,1.0
2979,169,801,1.0
20717,1103,1104,1.0
7304,385,386,1.0
7305,385,1017,1.0
3063,173,805,1.0
11935,633,634,1.0
11934,633,3,1.0
22545,1193,1194,1.0
3143,176,808,1.0
11771,624,1256,1.0
11770,624,625,1.0
3148,177,178,1.0
3149,177,809,1.0
20716,1103,473,1.0
19016,1008,378,1.0
19017,1008,1009,1.0
20713,1102,1245,1.0
20712,1102,1103,1.0
20711,1102,614,1.0
20710,1102,472,1.0
19026,1009,379,1.0
3170,178,179,1.0
3171,178,810,1.0
11739,623,1255,1.0
11738,623,624,1.0
19027,1009,1010,1.0
11729,622,1254,1.0
11728,622,623,1.0
11717,621,1253,1.0
11716,621,684,1.0
11715,621,622,1.0
11714,621,53,1.0
3196,179,180,1.0
3142,176,177,1.0
22512,1192,562,1.0
22513,1192,1193,1.0
11871,629,1261,1.0
18964,1006,376,1.0
18965,1006,1007,1.0
22544,1193,563,1.0
11909,632,633,1.0
11908,632,2,1.0
11887,631,632,1.0
11886,631,1,1.0
11879,630,1262,1.0
11878,630,631,1.0
3098,174,175,1.0
3099,174,806,1.0
11870,629,630,1.0
11790,625,626,1.0
18990,1007,377,1.0
11853,628,1260,1.0
11852,628,629,1.0
18991,1007,1008,1.0
3110,175,176,1.0
3111,175,807,1.0
11829,627,1259,1.0
11828,627,628,1.0
11819,626,1258,1.0
11818,626,627,1.0
11791,625,1257,1.0
2947,167,1088,1.0
2946,167,799,1.0
2945,167,457,1.0
18798,998,673,1.0
7246,383,384,1.0
7247,383,1015,1.0
18778,997,367,1.0
2794,158,159,1.0
2795,158,790,1.0
12421,658,659,1.0
12420,658,28,1.0
18779,997,998,1.0
2804,159,160,1.0
2805,159,791,1.0
21302,1129,499,1.0
21303,1129,1130,1.0
12387,657,802,1.0
2820,160,161,1.0
2821,160,792,1.0
12386,657,658,1.0
12385,657,171,1.0
12384,657,27,1.0
22637,1199,1200,1.0
22636,1199,569,1.0
2828,161,162,1.0
2829,161,793,1.0
12379,656,657,1.0
12378,656,26,1.0
18796,998,42,1.0
12440,659,29,1.0
2775,157,1068,1.0
2774,157,789,1.0
18764,996,366,1.0
12516,663,33,1.0
20748,1104,474,1.0
2722,154,155,1.0
2723,154,786,1.0
12493,662,663,1.0
12492,662,32,1.0
18759,995,996,1.0
2742,155,156,1.0
2743,155,597,1.0
2744,155,787,1.0
2745,155,1228,1.0
12472,661,31,1.0
2773,157,437,1.0
2754,156,157,1.0
2755,156,788,1.0
18765,996,997,1.0
12459,660,661,1.0
12458,660,30,1.0
7242,382,383,1.0
7243,382,1014,1.0
5987,318,950,1.0
5986,318,319,1.0
12441,659,660,1.0
2772,157,158,1.0
18797,998,368,1.0
18799,998,999,1.0
2944,167,168,1.0
18804,999,369,1.0
2898,165,166,1.0
2899,165,797,1.0
12280,651,21,1.0
12265,650,651,1.0
12264,650,20,1.0
18856,1001,371,1.0
18857,1001,1002,1.0
18858,1002,372,1.0
18859,1002,1003,1.0
12247,649,650,1.0
22575,1195,1196,1.0
12246,649,19,1.0
2914,166,167,1.0
2915,166,798,1.0
7276,384,385,1.0
12239,648,649,1.0
12238,648,18,1.0
7277,384,1016,1.0
12201,647,648,1.0
12200,647,17,1.0
12195,646,647,1.0
12194,646,16,1.0
22574,1195,565,1.0
12181,645,646,1.0
12180,645,15,1.0
12281,651,652,1.0
22590,1196,566,1.0
22591,1196,1197,1.0
18820,1000,1001,1.0
18805,999,1000,1.0
22621,1198,1199,1.0
22620,1198,568,1.0
18816,1000,188,1.0
18817,1000,370,1.0
18818,1000,542,1.0
12345,655,656,1.0
12344,655,25,1.0
2848,162,163,1.0
2849,162,794,1.0
18819,1000,819,1.0
18821,1000,1173,1.0
2885,164,796,1.0
12323,654,655,1.0
12322,654,24,1.0
2866,163,164,1.0
2867,163,795,1.0
22601,1197,1198,1.0
22600,1197,567,1.0
12303,653,654,1.0
12302,653,23,1.0
12297,652,653,1.0
12296,652,22,1.0
2884,164,165,1.0
3197,179,811,1.0
11705,620,1252,1.0
11704,620,621,1.0
22334,1184,201,1.0
3493,193,825,1.0
3500,194,195,1.0
3501,194,826,1.0
3504,195,196,1.0
3505,195,827,1.0
5859,313,945,1.0
5858,313,314,1.0
11275,596,1228,1.0
11274,596,787,1.0
11273,596,597,1.0
11272,596,156,1.0
11245,595,1227,1.0
11244,595,596,1.0
19230,1019,389,1.0
19231,1019,1020,1.0
19236,1020,390,1.0
19237,1020,1021,1.0
22337,1184,1185,1.0
11231,594,1226,1.0
11230,594,595,1.0
22336,1184,832,1.0
22335,1184,554,1.0
11219,593,1225,1.0
11218,593,594,1.0
3544,196,197,1.0
3492,193,194,1.0
11304,597,598,1.0
11305,597,1229,1.0
3460,192,193,1.0
11354,600,601,1.0
3442,191,192,1.0
3443,191,823,1.0
7396,391,392,1.0
7397,391,1023,1.0
20683,1101,1102,1.0
20682,1101,471,1.0
11343,599,1231,1.0
11342,599,600,1.0
19200,1017,387,1.0
22375,1186,1187,1.0
3461,192,824,1.0
19207,1018,1019,1.0
22374,1186,816,1.0
22373,1186,556,1.0
22372,1186,185,1.0
19201,1017,1018,1.0
11327,598,1230,1.0
11326,598,599,1.0
7410,392,393,1.0
7411,392,1024,1.0
22363,1185,1186,1.0
22362,1185,555,1.0
19206,1018,388,1.0
3545,196,828,1.0
3554,197,198,1.0
22396,1187,245,1.0
3555,197,829,1.0
3628,200,832,1.0
3629,200,1185,1.0
11099,586,1218,1.0
11098,586,587,1.0
22297,1182,1183,1.0
22296,1182,552,1.0
11091,585,1217,1.0
11090,585,586,1.0
21355,1131,1132,1.0
7444,394,395,1.0
21362,1132,502,1.0
11065,584,1216,1.0
11064,584,585,1.0
3652,201,202,1.0
3653,201,833,1.0
7445,394,1026,1.0
3658,202,203,1.0
3659,202,834,1.0
22279,1181,1182,1.0
11041,583,1215,1.0
22278,1181,551,1.0
11040,583,584,1.0
3674,203,204,1.0
3675,203,835,1.0
11017,582,1214,1.0
3627,200,554,1.0
3626,200,201,1.0
11108,587,588,1.0
11159,590,1222,1.0
11197,592,1224,1.0
11196,592,593,1.0
22321,1183,1184,1.0
22320,1183,553,1.0
3578,198,199,1.0
3579,198,830,1.0
19250,1021,391,1.0
19251,1021,1022,1.0
11185,591,1223,1.0
11184,591,592,1.0
7432,393,394,1.0
11158,590,591,1.0
11109,587,1219,1.0
19276,1022,392,1.0
7433,393,1025,1.0
19277,1022,1023,1.0
21354,1131,501,1.0
3604,199,200,1.0
3605,199,831,1.0
19290,1023,393,1.0
11115,588,1220,1.0
11114,588,589,1.0
5837,312,944,1.0
5836,312,313,1.0
11355,600,1232,1.0
22397,1187,364,1.0
11701,619,1251,1.0
3320,186,187,1.0
19123,1013,1014,1.0
21321,1130,1131,1.0
11605,613,1245,1.0
22483,1191,1192,1.0
22482,1191,561,1.0
11604,613,1103,1.0
11603,613,614,1.0
11602,613,472,1.0
7321,386,1018,1.0
19126,1014,384,1.0
19127,1014,1015,1.0
7326,387,388,1.0
7327,387,1019,1.0
3270,183,184,1.0
3271,183,815,1.0
3274,184,185,1.0
3275,184,556,1.0
3276,184,816,1.0
3277,184,1187,1.0
11581,612,1244,1.0
11580,612,613,1.0
3298,185,186,1.0
3299,185,817,1.0
11551,611,1243,1.0
11550,611,612,1.0
19122,1013,383,1.0
11612,614,615,1.0
11613,614,1246,1.0
11669,616,1248,1.0
11700,619,620,1.0
5911,315,947,1.0
5910,315,316,1.0
11695,618,1250,1.0
11694,618,619,1.0
11693,617,1249,1.0
3210,180,181,1.0
3211,180,812,1.0
11692,617,618,1.0
7320,386,387,1.0
21320,1130,500,1.0
3228,181,182,1.0
19095,1012,1013,1.0
3229,181,813,1.0
11668,616,617,1.0
3236,182,183,1.0
3237,182,814,1.0
19052,1010,380,1.0
19053,1010,1011,1.0
19064,1011,381,1.0
11635,615,1247,1.0
11634,615,616,1.0
19065,1011,1012,1.0
19094,1012,382,1.0
22463,1190,1191,1.0
3321,186,818,1.0
22398,1187,557,1.0
22462,1190,560,1.0
3377,188,820,1.0
11439,605,1237,1.0
11438,605,606,1.0
3390,189,190,1.0
3391,189,821,1.0
11429,604,1236,1.0
11428,604,605,1.0
22417,1188,1189,1.0
22416,1188,558,1.0
11415,603,1235,1.0
11414,603,604,1.0
11395,602,1234,1.0
11394,602,712,1.0
11393,602,603,1.0
11392,602,81,1.0
3416,190,191,1.0
3417,190,822,1.0
7370,390,391,1.0
7371,390,1022,1.0
11371,601,1233,1.0
22401,1187,1188,1.0
11370,601,602,1.0
19185,1016,1017,1.0
22400,1187,995,1.0
22399,1187,876,1.0
3376,188,189,1.0
7357,389,1021,1.0
22448,1189,559,1.0
3344,187,1001,1.0
19156,1015,385,1.0
19157,1015,1016,1.0
5897,314,946,1.0
5896,314,315,1.0
11517,610,1242,1.0
11516,610,611,1.0
11497,609,1241,1.0
3340,187,188,1.0
3341,187,370,1.0
3342,187,542,1.0
3343,187,819,1.0
3345,187,1173,1.0
7356,389,390,1.0
11496,609,610,1.0
11493,608,1240,1.0
11492,608,609,1.0
7350,388,389,1.0
7351,388,1020,1.0
11481,607,1239,1.0
11480,607,608,1.0
22449,1189,1190,1.0
19184,1016,386,1.0
11461,606,1238,1.0
11460,606,607,1.0
12517,663,664,1.0
2706,153,154,1.0
13971,747,748,1.0
13499,718,719,1.0
13487,717,718,1.0
13486,717,87,1.0
18288,972,342,1.0
20841,1108,1109,1.0
20840,1108,711,1.0
6091,324,956,1.0
2134,120,121,1.0
2135,120,752,1.0
6090,324,325,1.0
18289,972,973,1.0
20839,1108,478,1.0
7028,373,374,1.0
7029,373,1005,1.0
13461,716,717,1.0
13460,716,86,1.0
22884,1212,582,1.0
18302,973,343,1.0
18303,973,974,1.0
13429,715,716,1.0
13428,715,85,1.0
2154,121,122,1.0
2155,121,753,1.0
20838,1108,80,1.0
22873,1211,1212,1.0
22872,1211,581,1.0
13498,718,88,1.0
2123,119,751,1.0
20749,1104,1105,1.0
2122,119,120,1.0
2063,114,746,1.0
13587,722,723,1.0
13586,722,92,1.0
13559,721,722,1.0
13558,721,91,1.0
13557,720,721,1.0
22897,1213,1214,1.0
13556,720,90,1.0
22896,1213,583,1.0
2088,115,116,1.0
2089,115,747,1.0
2090,116,117,1.0
2091,116,748,1.0
7010,372,373,1.0
7011,372,1004,1.0
2106,117,118,1.0
2107,117,749,1.0
2108,118,119,1.0
2109,118,750,1.0
22885,1212,1213,1.0
18261,970,971,1.0
13517,719,720,1.0
13516,719,89,1.0
18274,971,341,1.0
18275,971,972,1.0
18320,974,344,1.0
13413,714,715,1.0
13412,714,84,1.0
18321,974,975,1.0
2232,125,126,1.0
2233,125,757,1.0
13311,709,710,1.0
13310,709,79,1.0
18382,976,346,1.0
18383,976,977,1.0
2244,126,127,1.0
2245,126,758,1.0
18400,977,347,1.0
18401,977,978,1.0
6069,322,954,1.0
6068,322,323,1.0
13277,708,709,1.0
13276,708,78,1.0
13263,707,708,1.0
13262,707,77,1.0
18422,978,348,1.0
18423,978,979,1.0
13249,706,707,1.0
13248,706,76,1.0
2272,127,128,1.0
2273,127,759,1.0
13237,705,706,1.0
13236,705,75,1.0
13225,704,705,1.0
13326,710,80,1.0
13327,710,478,1.0
13328,710,711,1.0
22860,1210,250,1.0
7056,374,375,1.0
7057,374,1006,1.0
2172,122,123,1.0
2173,122,754,1.0
13387,713,714,1.0
13386,713,83,1.0
22863,1210,1211,1.0
22862,1210,881,1.0
22861,1210,580,1.0
2186,123,124,1.0
2187,123,755,1.0
13375,712,713,1.0
13329,710,1109,1.0
13374,712,82,1.0
18348,975,345,1.0
18349,975,976,1.0
6075,323,955,1.0
13355,711,1234,1.0
13354,711,712,1.0
13353,711,603,1.0
13352,711,81,1.0
6074,323,324,1.0
2222,124,125,1.0
2223,124,756,1.0
2062,114,115,1.0
13594,723,93,1.0
13595,723,724,1.0
18184,967,337,1.0
13879,741,742,1.0
13878,741,111,1.0
18166,966,336,1.0
13855,740,741,1.0
13854,740,110,1.0
1898,103,104,1.0
1899,103,735,1.0
1900,104,105,1.0
1901,104,736,1.0
18167,966,967,1.0
13849,739,740,1.0
13848,739,109,1.0
13829,738,739,1.0
13828,738,108,1.0
13813,737,738,1.0
13812,737,107,1.0
13809,736,737,1.0
13808,736,106,1.0
1928,105,106,1.0
1929,105,737,1.0
1932,106,107,1.0
1933,106,738,1.0
13781,735,736,1.0
13780,735,105,1.0
13779,734,735,1.0
13890,742,112,1.0
13891,742,743,1.0
1879,102,1149,1.0
1853,100,732,1.0
13969,746,747,1.0
13968,746,116,1.0
18128,964,334,1.0
13943,745,746,1.0
13942,745,115,1.0
20865,1109,1110,1.0
20864,1109,479,1.0
18129,964,965,1.0
1850,99,100,1.0
1851,99,731,1.0
1852,100,101,1.0
18140,965,335,1.0
1878,102,734,1.0
13911,744,745,1.0
13910,744,114,1.0
22945,1215,1216,1.0
1862,101,102,1.0
1863,101,733,1.0
13903,743,744,1.0
13902,743,113,1.0
22944,1215,585,1.0
18141,965,966,1.0
1876,102,103,1.0
1877,102,518,1.0
13778,734,104,1.0
1948,107,108,1.0
18260,970,340,1.0
1949,107,739,1.0
21228,1126,496,1.0
18220,969,339,1.0
18221,969,970,1.0
6977,370,1002,1.0
6978,371,372,1.0
13677,728,729,1.0
1998,110,111,1.0
1999,110,742,1.0
13676,728,98,1.0
6979,371,1003,1.0
2010,111,112,1.0
2011,111,743,1.0
13655,727,728,1.0
13654,727,97,1.0
2022,112,113,1.0
2023,112,744,1.0
13641,726,727,1.0
13640,726,96,1.0
2030,113,114,1.0
2031,113,745,1.0
13635,725,726,1.0
13634,725,95,1.0
21229,1126,1127,1.0
13605,724,725,1.0
13604,724,94,1.0
6976,370,371,1.0
13700,729,99,1.0
13701,729,730,1.0
13733,731,732,1.0
18185,967,968,1.0
13759,733,1149,1.0
13758,733,734,1.0
13757,733,518,1.0
13756,733,103,1.0
13743,732,733,1.0
13742,732,102,1.0
1968,108,109,1.0
1969,108,740,1.0
6127,326,958,1.0
6126,326,327,1.0
1974,109,110,1.0
18215,968,969,1.0
1975,109,741,1.0
13732,731,101,1.0
13731,730,731,1.0
13730,730,100,1.0
22921,1214,1215,1.0
22920,1214,584,1.0
6125,325,957,1.0
6124,325,638,1.0
6123,325,326,1.0
6122,325,7,1.0
18214,968,338,1.0
13224,704,74,1.0
22839,1209,1210,1.0
2288,128,129,1.0
12694,673,674,1.0
2580,145,146,1.0
2581,145,777,1.0
7172,379,380,1.0
18651,990,991,1.0
6015,320,952,1.0
6014,320,321,1.0
12731,675,676,1.0
12730,675,45,1.0
18656,991,269,1.0
2590,146,147,1.0
2591,146,778,1.0
18657,991,361,1.0
18658,991,900,1.0
2594,147,148,1.0
2595,147,779,1.0
18659,991,992,1.0
7173,379,1011,1.0
2598,148,149,1.0
2599,148,780,1.0
7184,380,381,1.0
12709,674,675,1.0
12708,674,44,1.0
7185,380,1012,1.0
12695,673,911,1.0
2610,149,150,1.0
12754,676,46,1.0
12755,676,677,1.0
12758,677,47,1.0
18614,989,359,1.0
2519,142,854,1.0
18602,988,358,1.0
18603,988,989,1.0
7146,378,379,1.0
12855,681,682,1.0
12854,681,51,1.0
7147,378,1010,1.0
22755,1205,1206,1.0
2532,143,144,1.0
2533,143,775,1.0
22754,1205,575,1.0
18615,989,990,1.0
12759,677,678,1.0
12821,680,681,1.0
12820,680,50,1.0
22735,1204,1205,1.0
12805,679,680,1.0
12804,679,49,1.0
22734,1204,574,1.0
12787,678,679,1.0
12786,678,48,1.0
2560,144,145,1.0
2561,144,776,1.0
18650,990,360,1.0
2611,149,781,1.0
12693,673,280,1.0
2517,142,223,1.0
12692,673,43,1.0
12583,667,668,1.0
12582,667,37,1.0
2666,151,152,1.0
2667,151,783,1.0
18724,994,245,1.0
18725,994,364,1.0
18726,994,557,1.0
18727,994,876,1.0
22665,1200,1201,1.0
18728,994,995,1.0
18729,994,1188,1.0
2678,152,153,1.0
2679,152,784,1.0
12559,666,667,1.0
12558,666,36,1.0
20763,1105,1106,1.0
20762,1105,475,1.0
22664,1200,570,1.0
12549,665,666,1.0
12548,665,35,1.0
12537,664,665,1.0
12536,664,34,1.0
5997,319,951,1.0
5996,319,320,1.0
18758,995,365,1.0
18711,993,994,1.0
18710,993,363,1.0
12592,668,38,1.0
22702,1203,573,1.0
18680,992,362,1.0
12685,672,999,1.0
12684,672,673,1.0
12683,672,368,1.0
12682,672,42,1.0
20791,1106,1107,1.0
20790,1106,476,1.0
12671,671,672,1.0
22703,1203,1204,1.0
12670,671,41,1.0
18681,992,993,1.0
7214,381,382,1.0
12593,668,669,1.0
7215,381,1013,1.0
12647,670,671,1.0
12646,670,40,1.0
12629,669,670,1.0
2642,150,151,1.0
2643,150,782,1.0
12628,669,39,1.0
22683,1202,1203,1.0
22682,1202,572,1.0
22675,1201,1202,1.0
22674,1201,571,1.0
2518,142,774,1.0
2516,142,143,1.0
2289,128,484,1.0
13084,694,64,1.0
2347,133,765,1.0
18482,982,352,1.0
6051,321,953,1.0
6050,321,322,1.0
18483,982,983,1.0
7084,375,376,1.0
13143,699,700,1.0
13142,699,69,1.0
2374,134,135,1.0
2375,134,766,1.0
13129,698,699,1.0
13128,698,68,1.0
22815,1207,1208,1.0
22814,1207,577,1.0
7085,375,1007,1.0
13111,697,698,1.0
13110,697,67,1.0
18494,983,353,1.0
18495,983,984,1.0
13103,696,697,1.0
13102,696,66,1.0
2394,135,136,1.0
2395,135,767,1.0
13087,695,696,1.0
13086,695,65,1.0
2346,133,134,1.0
2345,132,764,1.0
2344,132,133,1.0
2307,130,762,1.0
2290,128,760,1.0
2291,128,1115,1.0
22838,1209,579,1.0
18434,979,349,1.0
18435,979,980,1.0
18442,980,350,1.0
20825,1107,1108,1.0
20824,1107,477,1.0
2300,129,130,1.0
2301,129,761,1.0
2306,130,131,1.0
13209,703,704,1.0
13168,700,70,1.0
13208,703,73,1.0
13203,702,703,1.0
13202,702,72,1.0
18443,980,981,1.0
2326,131,132,1.0
2327,131,763,1.0
13191,701,702,1.0
13190,701,71,1.0
18460,981,351,1.0
18461,981,982,1.0
13169,700,701,1.0
13085,694,695,1.0
13059,693,694,1.0
12872,682,52,1.0
13058,693,63,1.0
12937,687,688,1.0
12936,687,57,1.0
12929,686,687,1.0
12928,686,56,1.0
7111,376,1008,1.0
7136,377,378,1.0
12919,685,686,1.0
12918,685,55,1.0
18570,987,357,1.0
18571,987,988,1.0
12895,684,685,1.0
2484,139,140,1.0
2485,139,771,1.0
2486,140,141,1.0
2487,140,772,1.0
12894,684,54,1.0
21273,1128,1129,1.0
7137,377,1009,1.0
12885,683,1253,1.0
12884,683,684,1.0
12883,683,622,1.0
2510,141,142,1.0
2511,141,773,1.0
12882,683,53,1.0
12873,682,683,1.0
22782,1206,576,1.0
18563,986,987,1.0
18562,986,356,1.0
21272,1128,498,1.0
2404,136,137,1.0
2405,136,768,1.0
21258,1127,497,1.0
18526,984,354,1.0
18527,984,985,1.0
13031,692,693,1.0
13030,692,62,1.0
21259,1127,1128,1.0
13011,691,692,1.0
13010,691,61,1.0
7110,376,377,1.0
18538,985,355,1.0
2451,138,770,1.0
18539,985,986,1.0
12981,690,691,1.0
2440,137,138,1.0
2441,137,769,1.0
12980,690,60,1.0
12977,689,690,1.0
12976,689,59,1.0
22783,1206,1207,1.0
12957,688,689,1.0
12956,688,58,1.0
2450,138,139,1.0
11016,582,583,1.0
19291,1023,1024,1.0
21363,1132,1133,1.0
8985,478,1110,1.0
4894,266,267,1.0
4895,266,898,1.0
8961,477,1109,1.0
8960,477,711,1.0
4902,267,268,1.0
4903,267,899,1.0
8959,477,478,1.0
8958,477,80,1.0
20036,1065,435,1.0
20037,1065,1066,1.0
21733,1154,1155,1.0
21732,1154,524,1.0
8945,476,1108,1.0
8944,476,477,1.0
4920,268,269,1.0
4921,268,361,1.0
4922,268,900,1.0
4923,268,992,1.0
20044,1066,436,1.0
20045,1066,1067,1.0
8911,475,1107,1.0
8910,475,476,1.0
20068,1067,158,1.0
20069,1067,437,1.0
20070,1067,789,1.0
8984,478,479,1.0
21756,1155,525,1.0
3686,204,205,1.0
21757,1155,1156,1.0
4836,263,264,1.0
4837,263,895,1.0
20018,1064,434,1.0
20019,1064,1065,1.0
9079,483,1115,1.0
9078,483,760,1.0
9077,483,484,1.0
9076,483,129,1.0
21778,1156,526,1.0
7783,414,1046,1.0
9065,482,1114,1.0
9064,482,483,1.0
4854,264,265,1.0
4855,264,896,1.0
7796,415,416,1.0
7797,415,1047,1.0
9037,481,1113,1.0
9036,481,482,1.0
4870,265,266,1.0
4871,265,897,1.0
20490,1090,460,1.0
9017,480,1112,1.0
9016,480,481,1.0
8995,479,1111,1.0
8994,479,480,1.0
7824,416,417,1.0
7825,416,1048,1.0
4942,269,270,1.0
4943,269,901,1.0
21712,1153,523,1.0
5008,273,274,1.0
5009,273,905,1.0
20130,1070,440,1.0
8775,469,1101,1.0
8774,469,470,1.0
20131,1070,1071,1.0
7866,418,419,1.0
7867,418,1050,1.0
8753,468,1100,1.0
8752,468,469,1.0
8743,467,1099,1.0
8742,467,468,1.0
20142,1071,441,1.0
20143,1071,1072,1.0
8729,466,1174,1.0
8728,466,1098,1.0
8727,466,543,1.0
8726,466,467,1.0
20164,1072,442,1.0
20165,1072,1073,1.0
7878,419,420,1.0
7879,419,1051,1.0
5046,274,275,1.0
5047,274,906,1.0
8802,470,471,1.0
8803,470,1102,1.0
20107,1069,1070,1.0
4978,271,272,1.0
8883,474,1106,1.0
8882,474,475,1.0
20071,1067,1068,1.0
8869,473,1105,1.0
8868,473,474,1.0
20086,1068,438,1.0
20087,1068,1069,1.0
4964,270,271,1.0
4965,270,902,1.0
8837,472,1104,1.0
21713,1153,1154,1.0
4979,271,903,1.0
20106,1069,439,1.0
8836,472,473,1.0
8833,471,1245,1.0
8832,471,1103,1.0
8831,471,614,1.0
8830,471,472,1.0
4986,272,273,1.0
4987,272,904,1.0
5597,302,934,1.0
5596,302,303,1.0
7846,417,418,1.0
7847,417,1049,1.0
7782,414,415,1.0
20491,1090,1091,1.0
9092,484,485,1.0
9349,495,1127,1.0
9474,500,501,1.0
4670,255,256,1.0
4671,255,887,1.0
19844,1054,424,1.0
9441,499,1131,1.0
9440,499,500,1.0
9423,498,1130,1.0
9422,498,499,1.0
4690,256,257,1.0
4691,256,888,1.0
19845,1054,1055,1.0
19860,1055,425,1.0
19861,1055,1056,1.0
21865,1160,1161,1.0
21864,1160,530,1.0
9393,497,1129,1.0
9392,497,498,1.0
19872,1056,426,1.0
19873,1056,1057,1.0
9379,496,1128,1.0
4706,257,258,1.0
4707,257,889,1.0
9378,496,497,1.0
19876,1057,427,1.0
19877,1057,1058,1.0
9475,500,1132,1.0
9482,501,502,1.0
4653,254,886,1.0
19783,1051,1052,1.0
21899,1162,1163,1.0
7725,412,1044,1.0
9563,504,1136,1.0
21898,1162,532,1.0
9562,504,505,1.0
4608,252,253,1.0
4609,252,884,1.0
19782,1051,421,1.0
20517,1092,1093,1.0
21889,1161,1162,1.0
20516,1092,462,1.0
19784,1052,422,1.0
4652,254,255,1.0
19785,1052,1053,1.0
21888,1161,531,1.0
9543,503,1135,1.0
9542,503,504,1.0
4628,253,254,1.0
4629,253,885,1.0
9523,502,1134,1.0
9522,502,503,1.0
19814,1053,423,1.0
19815,1053,1054,1.0
9483,501,1133,1.0
7760,413,414,1.0
9348,495,496,1.0
9093,484,1116,1.0
9331,494,1126,1.0
20495,1091,1092,1.0
20494,1091,461,1.0
9187,488,1120,1.0
21811,1158,1159,1.0
21810,1158,528,1.0
9186,488,489,1.0
19974,1061,431,1.0
9159,487,1119,1.0
9158,487,488,1.0
19975,1061,1062,1.0
19988,1062,432,1.0
19989,1062,1063,1.0
4794,261,262,1.0
4795,261,893,1.0
20002,1063,433,1.0
9143,486,1118,1.0
21789,1157,1158,1.0
4810,262,263,1.0
4811,262,894,1.0
21788,1157,527,1.0
9142,486,487,1.0
20003,1063,1064,1.0
9131,485,1117,1.0
9130,485,486,1.0
21779,1156,1157,1.0
4767,260,892,1.0
4766,260,261,1.0
7761,413,1045,1.0
4739,258,890,1.0
9330,494,495,1.0
19896,1058,428,1.0
19897,1058,1059,1.0
9297,493,1125,1.0
9296,493,494,1.0
9283,492,1124,1.0
9282,492,493,1.0
5635,303,935,1.0
5634,303,304,1.0
9255,491,1123,1.0
4738,258,259,1.0
9254,491,492,1.0
19941,1060,1061,1.0
9243,490,1122,1.0
9242,490,491,1.0
4752,259,14,1.0
4753,259,260,1.0
4754,259,645,1.0
4755,259,891,1.0
19918,1059,429,1.0
19919,1059,1060,1.0
9221,489,1121,1.0
9220,489,490,1.0
19940,1060,430,1.0
8691,465,1097,1.0
8690,465,466,1.0
20170,1073,443,1.0
8207,437,1069,1.0
7964,423,424,1.0
7965,423,1055,1.0
20432,1087,799,1.0
8263,440,1072,1.0
8262,440,441,1.0
8251,439,1071,1.0
21575,1144,1145,1.0
8250,439,440,1.0
20431,1087,457,1.0
21574,1144,514,1.0
20430,1087,168,1.0
20322,1082,452,1.0
20323,1082,1083,1.0
21515,1139,1140,1.0
20340,1083,453,1.0
20341,1083,1084,1.0
7980,424,425,1.0
8227,438,1070,1.0
8226,438,439,1.0
20346,1084,454,1.0
7981,424,1056,1.0
7992,425,426,1.0
7993,425,1057,1.0
5364,289,290,1.0
5365,289,921,1.0
8284,441,442,1.0
8285,441,1073,1.0
8290,442,443,1.0
8325,445,1077,1.0
8354,447,448,1.0
8347,446,1078,1.0
8346,446,447,1.0
5274,285,286,1.0
5275,285,917,1.0
5280,286,287,1.0
5281,286,918,1.0
5539,299,931,1.0
5538,299,300,1.0
21597,1145,1146,1.0
21596,1145,515,1.0
8324,445,446,1.0
8291,442,1074,1.0
21512,1138,508,1.0
21513,1138,1139,1.0
5306,287,288,1.0
5307,287,919,1.0
8313,444,1076,1.0
8312,444,445,1.0
8307,443,1075,1.0
8306,443,444,1.0
21514,1139,509,1.0
5324,288,289,1.0
5325,288,920,1.0
5513,298,930,1.0
8206,437,438,1.0
20297,1081,1082,1.0
5512,298,299,1.0
5444,293,294,1.0
5445,293,925,1.0
8123,432,1064,1.0
5448,294,295,1.0
5449,294,926,1.0
8122,432,433,1.0
20376,1085,455,1.0
20377,1085,1086,1.0
5500,297,298,1.0
8109,431,1063,1.0
8108,431,432,1.0
8095,430,1062,1.0
8094,430,431,1.0
5464,295,296,1.0
5465,295,927,1.0
21521,1140,1141,1.0
20400,1086,456,1.0
8061,429,1061,1.0
8060,429,430,1.0
21520,1140,510,1.0
20401,1086,1087,1.0
5484,296,297,1.0
5485,296,928,1.0
8039,428,1060,1.0
8038,428,429,1.0
8138,433,434,1.0
8139,433,1065,1.0
5501,297,929,1.0
8189,436,437,1.0
5378,290,291,1.0
5379,290,922,1.0
7996,426,427,1.0
5384,291,292,1.0
5385,291,923,1.0
21553,1143,1144,1.0
21552,1143,513,1.0
8191,436,1068,1.0
8190,436,789,1.0
21549,1142,1143,1.0
21548,1142,512,1.0
8188,436,158,1.0
8017,427,1059,1.0
7997,426,1058,1.0
21543,1141,1142,1.0
20347,1084,1085,1.0
21542,1141,511,1.0
8165,435,1067,1.0
8164,435,436,1.0
8016,427,428,1.0
5422,292,293,1.0
5423,292,924,1.0
8157,434,1066,1.0
8156,434,435,1.0
8355,447,1079,1.0
20296,1081,857,1.0
8681,464,1096,1.0
21637,1148,518,1.0
8610,459,460,1.0
8583,458,1090,1.0
21661,1150,1151,1.0
5114,277,278,1.0
5115,277,909,1.0
8582,458,459,1.0
20193,1075,1076,1.0
20204,1076,446,1.0
20205,1076,1077,1.0
21660,1150,520,1.0
21659,1149,1150,1.0
21658,1149,519,1.0
8563,457,1089,1.0
5130,278,279,1.0
5131,278,910,1.0
8562,457,458,1.0
8553,456,1088,1.0
8552,456,799,1.0
8551,456,457,1.0
8550,456,168,1.0
5146,279,43,1.0
5147,279,280,1.0
5148,279,674,1.0
5149,279,911,1.0
21639,1148,1149,1.0
8611,459,1091,1.0
8614,460,461,1.0
21664,1151,521,1.0
8652,462,463,1.0
8680,464,465,1.0
5056,275,276,1.0
5057,275,907,1.0
8673,463,1095,1.0
8672,463,851,1.0
8671,463,464,1.0
8670,463,220,1.0
20171,1073,1074,1.0
5579,301,933,1.0
5578,301,302,1.0
8653,462,1094,1.0
21685,1152,1153,1.0
21665,1151,1152,1.0
21684,1152,522,1.0
20186,1074,444,1.0
5084,276,277,1.0
5085,276,908,1.0
8637,461,1093,1.0
8636,461,462,1.0
20187,1074,1075,1.0
21488,1137,507,1.0
20192,1075,445,1.0
21489,1137,1138,1.0
8615,460,1092,1.0
21638,1148,734,1.0
21636,1148,103,1.0
20295,1081,451,1.0
7902,420,421,1.0
20263,1079,1080,1.0
8443,451,1083,1.0
8442,451,452,1.0
21607,1146,1147,1.0
21606,1146,516,1.0
20443,1088,1089,1.0
20442,1088,458,1.0
7934,422,423,1.0
7935,422,1054,1.0
8417,450,1082,1.0
8416,450,857,1.0
8415,450,451,1.0
8414,450,226,1.0
5232,283,284,1.0
5233,283,915,1.0
20280,1080,450,1.0
8401,449,1081,1.0
8400,449,450,1.0
20281,1080,1081,1.0
20433,1087,1088,1.0
5246,284,285,1.0
5247,284,916,1.0
8383,448,1080,1.0
8382,448,449,1.0
20294,1081,226,1.0
20262,1079,449,1.0
20462,1089,459,1.0
20463,1089,1090,1.0
20234,1078,448,1.0
21625,1147,1148,1.0
8521,455,1087,1.0
8520,455,456,1.0
5166,280,281,1.0
5167,280,912,1.0
20226,1077,447,1.0
20227,1077,1078,1.0
5563,300,932,1.0
5562,300,301,1.0
8497,454,1086,1.0
8496,454,455,1.0
20235,1078,1079,1.0
21624,1147,517,1.0
7903,420,1052,1.0
5184,281,282,1.0
5185,281,913,1.0
8467,453,1085,1.0
8466,453,454,1.0
7904,421,422,1.0
7905,421,1053,1.0
5196,282,283,1.0
5197,282,914,1.0
8461,452,1084,1.0
8460,452,453,1.0
7724,412,413,1.0
7723,411,1043,1.0
7722,411,412,1.0
7552,400,401,1.0
22137,1173,543,1.0
4008,219,220,1.0
4009,219,464,1.0
4010,219,851,1.0
4011,219,1095,1.0
22136,1173,467,1.0
4016,220,221,1.0
4017,220,852,1.0
10521,556,1188,1.0
10520,556,995,1.0
10519,556,876,1.0
10518,556,557,1.0
10517,556,364,1.0
10516,556,245,1.0
4032,221,222,1.0
4033,221,853,1.0
4036,222,143,1.0
4037,222,223,1.0
4038,222,774,1.0
4039,222,854,1.0
19464,1034,404,1.0
10495,555,1187,1.0
10494,555,816,1.0
10493,555,556,1.0
10492,555,185,1.0
22138,1173,1098,1.0
10536,557,558,1.0
10537,557,1189,1.0
10583,559,1191,1.0
19433,1031,1032,1.0
21403,1133,1134,1.0
19440,1032,402,1.0
10603,560,1192,1.0
22167,1175,1176,1.0
22166,1175,545,1.0
10602,560,561,1.0
3952,216,217,1.0
3953,216,848,1.0
22155,1174,1175,1.0
22154,1174,544,1.0
10582,559,560,1.0
5758,309,310,1.0
10569,558,1190,1.0
10568,558,559,1.0
19441,1032,1033,1.0
19442,1033,403,1.0
19443,1033,1034,1.0
3982,217,218,1.0
3983,217,849,1.0
3984,218,219,1.0
3985,218,850,1.0
22139,1173,1174,1.0
5759,309,941,1.0
19465,1034,1035,1.0
7553,400,1032,1.0
10633,561,1193,1.0
4054,223,224,1.0
7562,402,403,1.0
7563,402,1034,1.0
20609,1097,1174,1.0
22087,1171,1172,1.0
22086,1171,541,1.0
10417,551,1183,1.0
4126,226,227,1.0
4127,226,858,1.0
10416,551,552,1.0
22083,1170,1171,1.0
20608,1097,1098,1.0
20607,1097,543,1.0
4134,227,228,1.0
4135,227,859,1.0
10399,550,1182,1.0
10398,550,551,1.0
22082,1170,540,1.0
10385,549,1181,1.0
10384,549,550,1.0
10383,548,1180,1.0
10382,548,549,1.0
10361,547,1179,1.0
10360,547,548,1.0
22073,1169,1170,1.0
22072,1169,539,1.0
7561,401,1033,1.0
10440,552,553,1.0
10441,552,1184,1.0
4077,224,856,1.0
4055,223,855,1.0
10483,554,1186,1.0
10482,554,555,1.0
5751,308,940,1.0
5750,308,309,1.0
22103,1172,1173,1.0
22102,1172,1001,1.0
22101,1172,819,1.0
22100,1172,542,1.0
22099,1172,370,1.0
4076,224,225,1.0
22098,1172,188,1.0
19479,1035,1036,1.0
4086,225,226,1.0
4087,225,451,1.0
4088,225,857,1.0
4089,225,1082,1.0
20622,1098,468,1.0
10457,553,1185,1.0
10456,553,832,1.0
10455,553,554,1.0
10454,553,201,1.0
7560,401,402,1.0
19478,1035,405,1.0
10632,561,562,1.0
19432,1031,401,1.0
10341,546,1178,1.0
3801,209,841,1.0
7470,396,397,1.0
22241,1178,1179,1.0
3754,207,208,1.0
3755,207,839,1.0
7471,396,1028,1.0
22240,1178,548,1.0
20654,1100,470,1.0
10903,575,1207,1.0
10902,575,576,1.0
7480,397,398,1.0
5801,310,942,1.0
5800,310,311,1.0
3774,208,209,1.0
3775,208,546,1.0
3776,208,840,1.0
3777,208,1177,1.0
19324,1025,395,1.0
19325,1025,1026,1.0
7481,397,1029,1.0
10875,574,1206,1.0
10874,574,575,1.0
19330,1026,396,1.0
19331,1026,1027,1.0
10855,573,1205,1.0
10854,573,574,1.0
20655,1100,1101,1.0
10934,576,577,1.0
10935,576,1208,1.0
10983,579,1211,1.0
3687,204,836,1.0
11005,581,1213,1.0
11004,581,582,1.0
7450,395,396,1.0
7451,395,1027,1.0
10993,580,1212,1.0
10992,580,581,1.0
3708,205,206,1.0
3709,205,837,1.0
5823,311,943,1.0
5822,311,312,1.0
10982,579,881,1.0
19313,1024,1025,1.0
22265,1180,1181,1.0
10981,579,580,1.0
10980,579,250,1.0
22264,1180,550,1.0
22263,1179,1180,1.0
22262,1179,549,1.0
3730,206,207,1.0
3731,206,838,1.0
10959,578,1210,1.0
10958,578,579,1.0
19312,1024,394,1.0
3800,209,210,1.0
22221,1177,1178,1.0
3927,215,847,1.0
19350,1027,397,1.0
3873,213,845,1.0
10721,566,1198,1.0
10720,566,567,1.0
22194,1176,209,1.0
7506,398,399,1.0
7507,398,1030,1.0
7518,399,400,1.0
7519,399,1031,1.0
10711,565,1197,1.0
10710,565,566,1.0
19398,1030,400,1.0
19399,1030,1031,1.0
10695,564,1196,1.0
10694,564,565,1.0
3902,214,215,1.0
3903,214,846,1.0
20633,1099,1100,1.0
10669,563,1195,1.0
10668,563,564,1.0
20632,1099,469,1.0
10665,562,1194,1.0
10664,562,563,1.0
21402,1133,503,1.0
20623,1098,1099,1.0
3926,215,216,1.0
3872,213,214,1.0
3871,212,844,1.0
3870,212,213,1.0
10794,570,571,1.0
19351,1027,1028,1.0
22220,1177,547,1.0
19360,1028,398,1.0
10823,572,1204,1.0
10822,572,573,1.0
19361,1028,1029,1.0
3828,210,211,1.0
3829,210,842,1.0
10803,571,1203,1.0
10802,571,572,1.0
10795,570,1202,1.0
10785,569,1201,1.0
22195,1176,546,1.0
10784,569,570,1.0
3842,211,212,1.0
3843,211,843,1.0
10757,568,1200,1.0
10756,568,569,1.0
19386,1029,399,1.0
19387,1029,1030,1.0
10741,567,1199,1.0
10740,567,568,1.0
22197,1176,1177,1.0
22196,1176,840,1.0
21422,1134,504,1.0
10340,546,547,1.0
9572,505,506,1.0
9756,517,103,1.0
9832,522,523,1.0
19705,1047,1048,1.0
9805,521,1153,1.0
9804,521,522,1.0
4448,244,245,1.0
4449,244,364,1.0
4450,244,557,1.0
4451,244,876,1.0
4452,244,995,1.0
4453,244,1188,1.0
9785,520,1152,1.0
9784,520,521,1.0
9781,519,1151,1.0
9780,519,520,1.0
9779,518,1150,1.0
9778,518,519,1.0
4464,245,246,1.0
4465,245,877,1.0
21985,1165,1166,1.0
4472,246,247,1.0
4473,246,878,1.0
21984,1165,535,1.0
19726,1048,418,1.0
9759,517,1149,1.0
9758,517,734,1.0
9833,522,1154,1.0
4433,243,875,1.0
4432,243,244,1.0
5687,305,937,1.0
4390,241,242,1.0
4391,241,873,1.0
22003,1166,1167,1.0
22002,1166,536,1.0
4398,242,243,1.0
4399,242,874,1.0
9909,526,1158,1.0
9908,526,527,1.0
9899,525,1157,1.0
9898,525,526,1.0
19663,1045,1046,1.0
5686,305,306,1.0
19704,1047,417,1.0
7655,406,1038,1.0
20550,1094,220,1.0
9877,524,1156,1.0
9876,524,525,1.0
7658,407,408,1.0
19676,1046,416,1.0
19677,1046,1047,1.0
9853,523,1155,1.0
9852,523,524,1.0
7659,407,1039,1.0
21452,1136,506,1.0
9757,517,518,1.0
19727,1048,1049,1.0
20551,1094,464,1.0
9745,516,1148,1.0
4545,249,580,1.0
4546,249,881,1.0
4547,249,1211,1.0
20532,1093,463,1.0
9635,508,1140,1.0
9634,508,509,1.0
9633,507,1139,1.0
9632,507,508,1.0
9609,506,1138,1.0
9608,506,507,1.0
21957,1164,1165,1.0
21956,1164,534,1.0
4562,250,251,1.0
4563,250,882,1.0
21943,1163,1164,1.0
21942,1163,533,1.0
7706,409,410,1.0
7707,409,1041,1.0
4576,251,252,1.0
4577,251,883,1.0
5659,304,936,1.0
5658,304,305,1.0
7710,410,411,1.0
7711,410,1042,1.0
9573,505,1137,1.0
4544,249,250,1.0
7695,408,1040,1.0
9640,509,510,1.0
9694,513,514,1.0
4498,247,248,1.0
4499,247,879,1.0
9744,516,517,1.0
19746,1049,419,1.0
9727,515,1147,1.0
9726,515,516,1.0
19747,1049,1050,1.0
9717,514,1146,1.0
9716,514,515,1.0
21453,1136,1137,1.0
9695,513,1145,1.0
20533,1093,1094,1.0
9641,509,1141,1.0
7694,408,409,1.0
19758,1050,420,1.0
9673,512,1144,1.0
9672,512,513,1.0
4526,248,249,1.0
4527,248,880,1.0
19759,1050,1051,1.0
9669,511,1143,1.0
9668,511,512,1.0
9663,510,1142,1.0
9662,510,511,1.0
7654,406,407,1.0
9930,527,528,1.0
19512,1036,406,1.0
10146,536,537,1.0
7585,403,1035,1.0
10223,541,1173,1.0
10222,541,1001,1.0
10221,541,819,1.0
10220,541,542,1.0
10219,541,370,1.0
10218,541,188,1.0
10207,540,1172,1.0
4240,232,233,1.0
4241,232,864,1.0
10206,540,541,1.0
10203,539,1171,1.0
10202,539,540,1.0
22047,1168,1169,1.0
4246,233,234,1.0
4247,233,865,1.0
5721,307,939,1.0
5720,307,308,1.0
10193,538,1170,1.0
10192,538,539,1.0
10167,537,1169,1.0
10166,537,538,1.0
4260,234,235,1.0
4261,234,866,1.0
22046,1168,538,1.0
7584,403,404,1.0
20606,1097,467,1.0
10256,542,467,1.0
4195,230,862,1.0
4172,228,229,1.0
4173,228,860,1.0
19513,1036,1037,1.0
10317,545,1177,1.0
4178,229,230,1.0
4179,229,861,1.0
10316,545,840,1.0
10315,545,546,1.0
10314,545,209,1.0
21423,1134,1135,1.0
4194,230,231,1.0
19534,1037,407,1.0
10257,542,543,1.0
10287,544,1176,1.0
10286,544,545,1.0
19535,1037,1038,1.0
19538,1038,408,1.0
19539,1038,1039,1.0
10275,543,1175,1.0
4214,231,232,1.0
4215,231,863,1.0
10274,543,544,1.0
10259,542,1174,1.0
10258,542,1098,1.0
10147,536,1168,1.0
7598,404,405,1.0
9931,527,1159,1.0
10123,535,1167,1.0
7632,405,406,1.0
19605,1043,1044,1.0
4332,238,239,1.0
4333,238,870,1.0
7633,405,1037,1.0
20570,1096,466,1.0
10019,531,1163,1.0
10018,531,532,1.0
10009,530,1162,1.0
10008,530,531,1.0
20561,1095,1096,1.0
4352,239,240,1.0
4353,239,871,1.0
20560,1095,465,1.0
22027,1167,1168,1.0
22026,1167,537,1.0
9985,529,1161,1.0
4362,240,241,1.0
4363,240,872,1.0
9984,529,530,1.0
19640,1044,414,1.0
19641,1044,1045,1.0
20553,1094,1095,1.0
20552,1094,851,1.0
19662,1045,415,1.0
20571,1096,1097,1.0
4325,237,869,1.0
4324,237,238,1.0
19575,1039,1040,1.0
10122,535,536,1.0
4284,235,236,1.0
4285,235,867,1.0
7599,404,1036,1.0
21442,1135,505,1.0
19574,1039,409,1.0
10105,534,1166,1.0
10104,534,535,1.0
5711,306,938,1.0
5710,306,307,1.0
21443,1135,1136,1.0
19586,1040,410,1.0
19604,1043,413,1.0
10077,533,1165,1.0
10076,533,534,1.0
19587,1040,1041,1.0
19590,1041,411,1.0
19591,1041,1042,1.0
10063,532,1164,1.0
4312,236,237,1.0
4313,236,868,1.0
10062,532,533,1.0
19602,1042,412,1.0
19603,1042,1043,1.0
13970,747,117,1.0
12473,661,662,1.0
23376,1240,610,1.0
6735,358,990,1.0
17187,918,919,1.0
23609,1253,1254,1.0
15380,825,195,1.0
23608,1253,623,1.0
6335,337,969,1.0
6334,337,338,1.0
17894,951,321,1.0
16075,861,862,1.0
16074,861,231,1.0
14546,782,152,1.0
14547,782,783,1.0
1449,79,1109,1.0
1448,79,711,1.0
1447,79,478,1.0
1446,79,80,1.0
23597,1252,1253,1.0
14558,783,153,1.0
14559,783,784,1.0
23110,1225,595,1.0
6204,331,332,1.0
6205,331,963,1.0
23111,1225,1226,1.0
20896,1111,481,1.0
20897,1111,1112,1.0
442,23,24,1.0
443,23,655,1.0
23596,1252,684,1.0
23595,1252,622,1.0
23124,1226,596,1.0
17895,951,952,1.0
21163,1123,1124,1.0
1431,78,710,1.0
15178,816,186,1.0
14490,780,150,1.0
14491,780,781,1.0
1475,80,1234,1.0
17738,944,314,1.0
1474,80,712,1.0
1473,80,603,1.0
1472,80,81,1.0
416,21,22,1.0
417,21,653,1.0
23619,1254,1255,1.0
23618,1254,624,1.0
767,39,671,1.0
23372,1239,609,1.0
21100,1120,490,1.0
6831,362,994,1.0
6830,362,363,1.0
766,39,40,1.0
23373,1239,1240,1.0
422,22,23,1.0
23309,1235,1236,1.0
23308,1235,605,1.0
23431,1242,1243,1.0
23377,1240,1241,1.0
17931,952,953,1.0
17930,952,322,1.0
14522,781,151,1.0
14523,781,782,1.0
423,22,654,1.0
15179,816,817,1.0
23594,1252,53,1.0
1430,78,79,1.0
21122,1121,491,1.0
1039,54,686,1.0
23584,1251,621,1.0
17204,919,289,1.0
17205,919,920,1.0
23581,1250,1251,1.0
21101,1120,1121,1.0
14652,788,158,1.0
1397,77,709,1.0
878,46,47,1.0
875,45,677,1.0
1396,77,78,1.0
14653,788,437,1.0
23580,1250,620,1.0
14654,788,789,1.0
14655,788,1068,1.0
17739,944,945,1.0
16015,858,859,1.0
23575,1249,1250,1.0
23574,1249,619,1.0
23573,1248,1249,1.0
1383,76,708,1.0
1382,76,77,1.0
23572,1248,618,1.0
16014,858,228,1.0
874,45,46,1.0
14674,789,159,1.0
16007,857,858,1.0
14675,789,790,1.0
15635,838,839,1.0
15257,819,820,1.0
879,46,678,1.0
465,24,656,1.0
17877,950,951,1.0
464,24,25,1.0
17876,950,320,1.0
23125,1226,1227,1.0
14586,784,154,1.0
14587,784,785,1.0
14602,785,155,1.0
15381,825,826,1.0
14603,785,786,1.0
17867,949,950,1.0
17866,949,319,1.0
17393,929,930,1.0
14622,786,156,1.0
14623,786,597,1.0
14624,786,787,1.0
14625,786,1228,1.0
15384,826,196,1.0
16059,860,861,1.0
16058,860,230,1.0
15634,838,208,1.0
14634,787,157,1.0
14635,787,788,1.0
16053,859,860,1.0
23152,1227,156,1.0
23153,1227,597,1.0
23154,1227,787,1.0
16052,859,229,1.0
15385,826,827,1.0
23155,1227,1228,1.0
1038,54,55,1.0
23585,1251,1252,1.0
6563,349,981,1.0
15373,824,825,1.0
14479,779,780,1.0
6683,355,987,1.0
17955,954,955,1.0
17954,954,324,1.0
23650,1255,625,1.0
6520,346,347,1.0
23064,1222,592,1.0
6521,346,978,1.0
23318,1236,606,1.0
23065,1222,1223,1.0
17949,953,954,1.0
17948,953,323,1.0
6682,355,356,1.0
1533,83,715,1.0
1532,83,84,1.0
17160,917,287,1.0
16213,869,870,1.0
16212,869,239,1.0
16205,868,869,1.0
16204,868,238,1.0
17539,935,936,1.0
907,47,679,1.0
16193,867,868,1.0
906,47,48,1.0
1014,53,54,1.0
1015,53,685,1.0
16192,867,237,1.0
6249,333,965,1.0
6248,333,334,1.0
17538,935,305,1.0
23274,1233,712,1.0
23319,1236,1237,1.0
6690,356,357,1.0
14478,779,149,1.0
14413,774,775,1.0
17127,915,916,1.0
16279,873,874,1.0
16278,873,243,1.0
16271,872,873,1.0
15022,807,177,1.0
17717,943,944,1.0
16270,872,242,1.0
314,15,16,1.0
315,15,647,1.0
16243,871,872,1.0
16242,871,241,1.0
320,16,17,1.0
321,16,648,1.0
17154,916,286,1.0
16233,870,871,1.0
16232,870,240,1.0
17155,916,917,1.0
14390,772,142,1.0
14391,772,773,1.0
6849,363,1188,1.0
15554,834,204,1.0
14396,773,143,1.0
14397,773,223,1.0
14398,773,774,1.0
14399,773,854,1.0
23651,1255,1256,1.0
14412,774,144,1.0
1549,84,716,1.0
1548,84,85,1.0
17161,917,918,1.0
23273,1233,603,1.0
6848,363,995,1.0
6734,358,359,1.0
20973,1115,1116,1.0
20972,1115,485,1.0
23361,1238,1239,1.0
384,19,20,1.0
14460,776,146,1.0
14461,776,777,1.0
1151,61,693,1.0
23272,1233,81,1.0
1495,81,713,1.0
1494,81,82,1.0
385,19,651,1.0
17186,918,288,1.0
6341,338,970,1.0
6340,338,339,1.0
6659,354,986,1.0
6562,349,350,1.0
16095,862,863,1.0
16094,862,232,1.0
400,20,21,1.0
401,20,652,1.0
14470,777,147,1.0
14471,777,778,1.0
6845,363,364,1.0
6844,363,245,1.0
14474,778,148,1.0
23098,1224,594,1.0
23099,1224,1225,1.0
15372,824,194,1.0
14475,778,779,1.0
6846,363,557,1.0
16120,863,233,1.0
16121,863,864,1.0
23430,1242,612,1.0
23076,1223,593,1.0
6847,363,876,1.0
15752,844,214,1.0
14441,775,776,1.0
23077,1223,1224,1.0
16165,866,867,1.0
16164,866,236,1.0
358,17,18,1.0
359,17,649,1.0
15610,837,207,1.0
15611,837,838,1.0
17442,931,301,1.0
17443,931,932,1.0
6542,347,348,1.0
16126,864,234,1.0
1507,82,714,1.0
1506,82,83,1.0
6543,347,979,1.0
366,18,19,1.0
367,18,650,1.0
16141,865,866,1.0
16140,865,235,1.0
21162,1123,493,1.0
23360,1238,608,1.0
1150,61,62,1.0
6554,348,349,1.0
6555,348,980,1.0
16127,864,865,1.0
16006,857,227,1.0
498,25,26,1.0
16312,874,244,1.0
1263,68,700,1.0
613,31,663,1.0
17324,924,294,1.0
15157,815,1187,1.0
15156,815,816,1.0
702,36,37,1.0
17325,924,925,1.0
17328,925,295,1.0
14824,798,168,1.0
14825,798,457,1.0
15155,815,556,1.0
14826,798,799,1.0
14827,798,1088,1.0
1249,67,699,1.0
1248,67,68,1.0
15532,832,202,1.0
17777,945,946,1.0
17458,932,302,1.0
17329,925,926,1.0
21135,1122,1123,1.0
21176,1124,494,1.0
23460,1243,613,1.0
15154,815,185,1.0
15506,831,201,1.0
17776,945,315,1.0
14846,799,169,1.0
14847,799,800,1.0
14858,800,170,1.0
14859,800,801,1.0
23234,1231,601,1.0
1262,68,69,1.0
612,31,32,1.0
15507,831,554,1.0
1057,56,688,1.0
15864,849,219,1.0
15863,848,849,1.0
850,44,45,1.0
15459,829,830,1.0
14764,795,165,1.0
14765,795,796,1.0
15862,848,218,1.0
23222,1230,600,1.0
15723,842,843,1.0
15117,813,814,1.0
23223,1230,1231,1.0
14778,796,166,1.0
14779,796,797,1.0
17791,946,947,1.0
17790,946,316,1.0
15484,830,200,1.0
14794,797,167,1.0
14795,797,798,1.0
17302,923,293,1.0
17303,923,924,1.0
15485,830,831,1.0
14917,802,803,1.0
21123,1121,1122,1.0
703,36,668,1.0
14916,802,172,1.0
15533,832,833,1.0
15833,847,848,1.0
15832,847,217,1.0
1056,56,57,1.0
23461,1243,1244,1.0
23396,1241,611,1.0
499,25,657,1.0
23515,1246,1247,1.0
17344,926,296,1.0
17345,926,927,1.0
21134,1122,492,1.0
1076,57,58,1.0
6603,351,983,1.0
23493,1245,1246,1.0
668,34,35,1.0
669,34,666,1.0
23492,1245,615,1.0
14878,801,27,1.0
14879,801,171,1.0
14880,801,658,1.0
23250,1232,602,1.0
23251,1232,1233,1.0
15750,843,213,1.0
15751,843,844,1.0
23485,1244,1245,1.0
14881,801,802,1.0
23484,1244,1103,1.0
23483,1244,614,1.0
23482,1244,472,1.0
678,35,36,1.0
1207,64,696,1.0
1077,57,689,1.0
1206,64,65,1.0
1205,63,695,1.0
1204,63,64,1.0
679,35,667,1.0
6602,351,352,1.0
23514,1246,616,1.0
20956,1114,129,1.0
828,43,44,1.0
17477,933,934,1.0
829,43,675,1.0
1231,66,698,1.0
1230,66,67,1.0
17365,927,928,1.0
23235,1231,1232,1.0
17680,941,311,1.0
15807,846,847,1.0
15806,846,216,1.0
15151,814,815,1.0
636,32,33,1.0
637,32,664,1.0
15150,814,184,1.0
17364,927,297,1.0
1223,65,697,1.0
17459,932,933,1.0
17476,933,303,1.0
17681,941,942,1.0
6305,336,968,1.0
6304,336,337,1.0
15783,845,846,1.0
15782,845,215,1.0
23295,1234,1235,1.0
23397,1241,1242,1.0
23294,1234,604,1.0
15508,831,832,1.0
656,33,34,1.0
657,33,665,1.0
1222,65,66,1.0
15509,831,1185,1.0
593,30,662,1.0
592,30,31,1.0
15722,842,212,1.0
6801,361,993,1.0
1357,74,706,1.0
15956,855,225,1.0
1356,74,75,1.0
17244,920,290,1.0
15680,840,210,1.0
17245,920,921,1.0
17258,921,291,1.0
15539,833,834,1.0
15681,840,841,1.0
17515,934,935,1.0
14700,791,161,1.0
14701,791,792,1.0
17259,921,922,1.0
17264,922,292,1.0
15935,854,855,1.0
15934,854,224,1.0
17265,922,923,1.0
23549,1247,1248,1.0
14708,792,162,1.0
14709,792,793,1.0
23548,1247,617,1.0
21177,1124,1125,1.0
6580,350,351,1.0
540,27,28,1.0
17381,928,929,1.0
1345,73,705,1.0
1344,73,74,1.0
541,27,659,1.0
6220,332,333,1.0
6800,361,362,1.0
15957,855,856,1.0
14926,803,173,1.0
15425,827,828,1.0
17392,929,299,1.0
15654,839,209,1.0
1369,75,707,1.0
6776,360,269,1.0
1368,75,76,1.0
14684,790,160,1.0
504,26,27,1.0
6777,360,361,1.0
15655,839,546,1.0
14685,790,791,1.0
14991,806,807,1.0
14990,806,176,1.0
505,26,171,1.0
506,26,658,1.0
15656,839,840,1.0
14979,805,806,1.0
14978,805,175,1.0
507,26,802,1.0
6658,354,355,1.0
15424,827,197,1.0
6778,360,900,1.0
6779,360,992,1.0
15969,856,1082,1.0
15657,839,1177,1.0
15968,856,857,1.0
749,38,670,1.0
748,38,39,1.0
15967,856,451,1.0
15966,856,226,1.0
6221,332,964,1.0
17514,934,304,1.0
15434,828,198,1.0
17829,948,949,1.0
1311,70,702,1.0
1310,70,71,1.0
6287,335,967,1.0
17815,947,948,1.0
1179,62,694,1.0
14746,794,164,1.0
15890,850,851,1.0
14747,794,795,1.0
17814,947,317,1.0
15889,850,464,1.0
15888,850,220,1.0
15458,829,199,1.0
578,29,30,1.0
23206,1229,599,1.0
579,29,661,1.0
20957,1114,484,1.0
6615,352,984,1.0
6614,352,353,1.0
23207,1229,1230,1.0
15865,849,850,1.0
1289,69,701,1.0
1288,69,70,1.0
14943,804,805,1.0
14942,804,174,1.0
851,44,676,1.0
14927,803,804,1.0
15116,813,183,1.0
713,37,669,1.0
712,37,38,1.0
15891,850,1095,1.0
6286,335,336,1.0
20958,1114,760,1.0
15708,841,211,1.0
17828,948,318,1.0
14728,793,163,1.0
15538,833,203,1.0
17380,928,298,1.0
14729,793,794,1.0
6581,350,982,1.0
15919,853,854,1.0
15918,853,774,1.0
15917,853,223,1.0
15916,853,143,1.0
15913,852,853,1.0
15912,852,222,1.0
1048,55,56,1.0
15709,841,842,1.0
23185,1228,1229,1.0
1049,55,687,1.0
15435,828,829,1.0
1329,72,704,1.0
20959,1114,1115,1.0
1328,72,73,1.0
560,28,29,1.0
1323,71,703,1.0
1322,71,72,1.0
561,28,660,1.0
15897,851,852,1.0
1178,62,63,1.0
15896,851,221,1.0
23184,1228,598,1.0
17126,915,285,1.0
14440,775,145,1.0
15753,844,845,1.0
6885,365,997,1.0
22979,1217,1218,1.0
22978,1217,587,1.0
14125,757,758,1.0
6884,365,366,1.0
14124,757,127,1.0
18061,961,962,1.0
17046,911,281,1.0
15322,822,192,1.0
17047,911,912,1.0
15221,818,370,1.0
15220,818,188,1.0
14224,763,133,1.0
14225,763,764,1.0
992,51,52,1.0
993,51,683,1.0
6155,328,960,1.0
15323,822,823,1.0
6154,328,329,1.0
1754,94,95,1.0
1755,94,726,1.0
17638,940,310,1.0
16926,905,275,1.0
23698,1257,627,1.0
16964,907,277,1.0
6898,366,367,1.0
14153,758,759,1.0
16550,886,256,1.0
6172,329,330,1.0
1679,90,722,1.0
1678,90,91,1.0
1677,89,721,1.0
17029,910,911,1.0
16533,885,886,1.0
14152,758,128,1.0
6395,340,972,1.0
1676,89,90,1.0
6173,329,961,1.0
14206,762,132,1.0
6924,368,369,1.0
15270,820,190,1.0
16532,885,255,1.0
16927,905,906,1.0
18060,961,331,1.0
17639,940,941,1.0
14207,762,763,1.0
6899,366,998,1.0
804,41,673,1.0
15201,817,818,1.0
1760,95,96,1.0
14226,764,134,1.0
15077,810,811,1.0
6646,353,354,1.0
21066,1119,489,1.0
17064,912,282,1.0
17065,912,913,1.0
212,9,10,1.0
6879,364,996,1.0
6440,343,344,1.0
22971,1216,1217,1.0
16734,895,265,1.0
21210,1125,495,1.0
14103,755,756,1.0
213,9,641,1.0
6878,364,365,1.0
1637,88,720,1.0
17567,936,937,1.0
77,3,635,1.0
76,3,4,1.0
16735,895,896,1.0
975,50,682,1.0
17566,936,306,1.0
6380,339,340,1.0
6381,339,971,1.0
16488,883,253,1.0
16716,894,264,1.0
14227,764,765,1.0
15076,810,180,1.0
22994,1219,589,1.0
22995,1219,1220,1.0
182,8,9,1.0
183,8,640,1.0
16509,884,885,1.0
16508,884,254,1.0
1761,95,727,1.0
6722,357,358,1.0
16489,883,884,1.0
16717,894,895,1.0
6468,344,345,1.0
21039,1118,1119,1.0
6180,330,331,1.0
6181,330,962,1.0
6441,343,975,1.0
6469,344,976,1.0
14113,756,757,1.0
14112,756,126,1.0
16551,886,887,1.0
16570,887,257,1.0
15589,836,837,1.0
14181,760,761,1.0
20945,1113,1114,1.0
6261,334,966,1.0
17601,938,939,1.0
17600,938,308,1.0
791,40,672,1.0
790,40,41,1.0
1707,91,723,1.0
17591,937,938,1.0
1706,91,92,1.0
16994,908,278,1.0
16995,908,909,1.0
6916,367,42,1.0
102,4,5,1.0
21067,1119,1120,1.0
14180,760,130,1.0
21022,1117,487,1.0
16675,892,893,1.0
14169,759,484,1.0
22989,1218,1219,1.0
23341,1237,1238,1.0
23709,1258,1259,1.0
15051,809,810,1.0
119,5,637,1.0
118,5,6,1.0
16674,892,262,1.0
15222,818,542,1.0
16647,891,892,1.0
15223,818,819,1.0
16646,891,261,1.0
17716,943,313,1.0
14171,759,1115,1.0
6260,334,335,1.0
15224,818,1001,1.0
15050,809,179,1.0
1715,92,724,1.0
16618,889,259,1.0
103,4,636,1.0
14170,759,760,1.0
1714,92,93,1.0
16635,890,891,1.0
16634,890,645,1.0
6917,367,368,1.0
16633,890,260,1.0
16632,890,14,1.0
16619,889,890,1.0
23708,1258,628,1.0
805,41,999,1.0
940,49,50,1.0
15566,835,205,1.0
15225,818,1173,1.0
20916,1112,482,1.0
20917,1112,1113,1.0
21038,1118,488,1.0
148,6,638,1.0
16937,906,907,1.0
14186,761,131,1.0
14187,761,762,1.0
16690,893,263,1.0
17590,937,307,1.0
16691,893,894,1.0
16936,906,276,1.0
149,6,957,1.0
6394,340,341,1.0
17028,910,674,1.0
16571,887,888,1.0
154,7,8,1.0
155,7,639,1.0
23275,1233,1234,1.0
15588,836,206,1.0
941,49,681,1.0
147,6,326,1.0
146,6,7,1.0
23699,1257,1258,1.0
20944,1113,483,1.0
17010,909,279,1.0
14168,759,129,1.0
15296,821,191,1.0
15297,821,822,1.0
6918,367,673,1.0
17011,909,910,1.0
16587,888,889,1.0
21023,1117,1118,1.0
17703,942,943,1.0
22988,1218,588,1.0
17027,910,280,1.0
18052,960,330,1.0
16586,888,258,1.0
1724,93,94,1.0
1725,93,725,1.0
23340,1237,607,1.0
18053,960,961,1.0
17026,910,43,1.0
6919,367,999,1.0
15271,820,821,1.0
14102,755,125,1.0
6925,368,1000,1.0
15200,817,187,1.0
15256,819,189,1.0
14330,769,139,1.0
14015,751,752,1.0
16345,876,877,1.0
16344,876,246,1.0
14331,769,770,1.0
14014,751,121,1.0
14003,750,751,1.0
15109,812,813,1.0
14002,750,120,1.0
17971,955,956,1.0
6937,369,370,1.0
6938,369,542,1.0
13989,749,750,1.0
13988,749,119,1.0
13987,748,749,1.0
13986,748,118,1.0
17970,955,325,1.0
23750,1260,630,1.0
1130,60,61,1.0
1131,60,692,1.0
6939,369,819,1.0
16845,901,902,1.0
17630,939,309,1.0
6940,369,1001,1.0
16352,877,247,1.0
16823,900,901,1.0
15567,835,836,1.0
1796,97,98,1.0
1797,97,729,1.0
17702,942,312,1.0
17418,930,300,1.0
15555,834,835,1.0
16844,901,271,1.0
15090,811,181,1.0
14320,768,138,1.0
15091,811,812,1.0
14321,768,769,1.0
23670,1256,626,1.0
14035,752,753,1.0
14034,752,122,1.0
18100,963,333,1.0
17112,914,284,1.0
18101,963,964,1.0
17113,914,915,1.0
6503,345,977,1.0
16353,877,878,1.0
1002,52,53,1.0
812,42,43,1.0
1636,88,89,1.0
284,13,14,1.0
285,13,260,1.0
286,13,645,1.0
287,13,891,1.0
16329,875,364,1.0
16328,875,245,1.0
15341,823,824,1.0
6,0,1,1.0
6771,359,991,1.0
1820,98,99,1.0
1821,98,730,1.0
803,41,368,1.0
6409,341,973,1.0
16866,903,273,1.0
15108,812,182,1.0
15023,807,808,1.0
6691,356,988,1.0
300,14,15,1.0
301,14,646,1.0
16867,903,904,1.0
23758,1261,631,1.0
16313,874,875,1.0
7,0,632,1.0
16330,875,557,1.0
813,42,280,1.0
16331,875,876,1.0
1003,52,622,1.0
1004,52,684,1.0
14364,770,140,1.0
14365,770,771,1.0
6941,369,1173,1.0
1005,52,1253,1.0
16333,875,1188,1.0
814,42,674,1.0
815,42,911,1.0
1581,85,717,1.0
1580,85,86,1.0
14366,771,141,1.0
23751,1260,1261,1.0
802,41,42,1.0
23038,1221,591,1.0
23039,1221,1222,1.0
16858,902,272,1.0
16859,902,903,1.0
14367,771,772,1.0
6408,341,342,1.0
16332,875,995,1.0
28,1,2,1.0
6770,359,360,1.0
15340,823,193,1.0
925,48,680,1.0
54,2,3,1.0
16782,898,268,1.0
16783,898,899,1.0
16426,880,881,1.0
16888,904,274,1.0
23732,1259,629,1.0
18035,959,960,1.0
18034,959,329,1.0
16425,880,580,1.0
18027,958,959,1.0
18026,958,328,1.0
23733,1259,1260,1.0
924,48,49,1.0
16424,880,250,1.0
6723,357,989,1.0
16800,899,269,1.0
14274,766,136,1.0
16801,899,361,1.0
14275,766,767,1.0
21011,1116,1117,1.0
240,11,12,1.0
16427,880,1211,1.0
55,2,634,1.0
23671,1256,1257,1.0
16442,881,251,1.0
16457,882,883,1.0
16456,882,252,1.0
14254,765,135,1.0
16750,896,266,1.0
1774,96,97,1.0
974,50,51,1.0
16751,896,897,1.0
14255,765,766,1.0
16889,904,905,1.0
16774,897,267,1.0
16775,897,898,1.0
1775,96,728,1.0
1101,59,691,1.0
17076,913,283,1.0
17077,913,914,1.0
224,10,11,1.0
225,10,642,1.0
16443,881,882,1.0
1100,59,60,1.0
6647,353,985,1.0
1097,58,690,1.0
241,11,643,1.0
21010,1116,486,1.0
16802,899,900,1.0
14284,767,137,1.0
15029,808,809,1.0
15028,808,178,1.0
253,12,644,1.0
16378,878,248,1.0
17631,939,940,1.0
6422,342,343,1.0
20874,1110,480,1.0
17419,930,931,1.0
20875,1110,1111,1.0
1607,86,718,1.0
1606,86,87,1.0
18084,962,332,1.0
6147,327,959,1.0
6146,327,328,1.0
18085,962,963,1.0
14053,753,754,1.0
16822,900,270,1.0
29,1,633,1.0
14052,753,123,1.0
252,12,13,1.0
18002,956,7,1.0
18006,957,327,1.0
18003,956,326,1.0
14285,767,768,1.0
6502,345,346,1.0
16803,899,992,1.0
6423,342,974,1.0
18007,957,958,1.0
1619,87,719,1.0
16407,879,880,1.0
1618,87,88,1.0
22970,1216,586,1.0
21211,1125,1126,1.0
16965,907,908,1.0
16406,879,249,1.0
18005,956,957,1.0
6936,369,188,1.0
14067,754,755,1.0
14066,754,124,1.0
1096,58,59,1.0
18004,956,638,1.0
16379,878,879,1.0
8155,434,1074,0.952380952381
8154,434,443,0.952380952381
8292,442,435,0.952380952381
8293,442,1066,0.952380952381
20035,1065,1074,0.952380952381
20034,1065,443,0.952380952381
20173,1073,1066,0.952380952381
20172,1073,435,0.952380952381
12290,651,135,0.947368421053
12291,651,766,0.947368421053
2362,134,21,0.947368421053
2363,134,652,0.947368421053
14242,765,21,0.947368421053
14243,765,652,0.947368421053
411,20,766,0.947368421053
410,20,135,0.947368421053
11301,597,909,0.941176470588
10481,554,942,0.941176470588
10480,554,311,0.941176470588
11300,597,278,0.941176470588
22360,1185,311,0.941176470588
22361,1185,942,0.941176470588
23181,1228,909,0.941176470588
23180,1228,278,0.941176470588
3232,182,320,0.933333333333
22007,1166,660,0.933333333333
22006,1166,29,0.933333333333
3233,182,951,0.933333333333
17871,950,850,0.933333333333
17880,950,183,0.933333333333
17881,950,814,0.933333333333
20195,1076,678,0.933333333333
8314,445,47,0.933333333333
17870,950,219,0.933333333333
12769,677,1077,0.933333333333
20194,1076,47,0.933333333333
12768,677,446,0.933333333333
888,46,446,0.933333333333
8315,445,678,0.933333333333
889,46,1077,0.933333333333
20667,1100,747,0.933333333333
8786,469,116,0.933333333333
8787,469,747,0.933333333333
10126,535,29,0.933333333333
10127,535,660,0.933333333333
20666,1100,116,0.933333333333
20939,1113,983,0.933333333333
20938,1113,352,0.933333333333
9059,482,983,0.933333333333
9058,482,352,0.933333333333
21588,1145,198,0.933333333333
9709,514,829,0.933333333333
21589,1145,829,0.933333333333
15113,813,951,0.933333333333
6001,319,814,0.933333333333
5990,319,219,0.933333333333
15112,813,320,0.933333333333
9708,514,198,0.933333333333
6000,319,183,0.933333333333
5991,319,850,0.933333333333
22570,1195,621,0.923076923077
23588,1251,565,0.923076923077
13882,742,198,0.923076923077
4806,262,163,0.923076923077
16687,893,794,0.923076923077
18968,1006,29,0.923076923077
22571,1195,1252,0.923076923077
18969,1006,660,0.923076923077
15441,828,743,0.923076923077
23589,1251,1196,0.923076923077
16686,893,163,0.923076923077
2853,162,894,0.923076923077
2852,162,263,0.923076923077
13883,742,829,0.923076923077
14732,793,263,0.923076923077
4807,262,794,0.923076923077
10690,564,621,0.923076923077
10691,564,1252,0.923076923077
2002,111,198,0.923076923077
3561,197,743,0.923076923077
2003,111,829,0.923076923077
3560,197,112,0.923076923077
11708,620,565,0.923076923077
15440,828,112,0.923076923077
11709,620,1196,0.923076923077
7089,375,660,0.923076923077
14733,793,894,0.923076923077
7088,375,29,0.923076923077
22982,1217,606,0.916666666667
11435,605,1218,0.916666666667
11102,586,606,0.916666666667
22983,1217,1237,0.916666666667
11434,605,587,0.916666666667
11103,586,1237,0.916666666667
23314,1236,587,0.916666666667
23315,1236,1218,0.916666666667
8332,446,54,0.909090909091
16583,888,633,0.909090909091
20212,1077,54,0.909090909091
20213,1077,685,0.909090909091
4703,257,633,0.909090909091
16582,888,2,0.909090909091
4702,257,2,0.909090909091
8333,446,685,0.909090909091
5700,306,82,0.888888888889
5701,306,713,0.888888888889
22467,1190,1146,0.888888888889
4140,227,236,0.888888888889
4141,227,867,0.888888888889
4279,235,859,0.888888888889
963,50,639,0.888888888889
16158,866,228,0.888888888889
4278,235,228,0.888888888889
16159,866,859,0.888888888889
171,7,682,0.888888888889
962,50,8,0.888888888889
170,7,51,0.888888888889
10586,559,515,0.888888888889
12051,638,682,0.888888888889
17580,937,82,0.888888888889
17581,937,713,0.888888888889
22466,1190,515,0.888888888889
12843,681,639,0.888888888889
12050,638,51,0.888888888889
16021,858,867,0.888888888889
10587,559,1146,0.888888888889
12842,681,8,0.888888888889
16020,858,236,0.888888888889
3085,174,755,0.875
18792,998,127,0.875
15111,813,850,0.875
15898,851,179,0.875
18793,998,758,0.875
3084,174,124,0.875
3230,182,219,0.875
3231,182,850,0.875
3989,218,814,0.875
798,41,127,0.875
799,41,758,0.875
3169,178,852,0.875
12679,672,758,0.875
2251,126,999,0.875
14079,754,806,0.875
14078,754,175,0.875
4018,220,179,0.875
3988,218,183,0.875
15048,809,221,0.875
6912,367,127,0.875
15110,813,219,0.875
15049,809,852,0.875
4019,220,810,0.875
15899,851,810,0.875
14965,805,755,0.875
14964,805,124,0.875
6913,367,758,0.875
11046,584,103,0.875
11047,584,518,0.875
11048,584,734,0.875
11049,584,1149,0.875
2198,123,175,0.875
2250,126,673,0.875
2249,126,368,0.875
2248,126,42,0.875
2199,123,806,0.875
3168,178,221,0.875
14130,757,673,0.875
14131,757,999,0.875
22926,1215,103,0.875
15868,849,183,0.875
14129,757,368,0.875
22927,1215,518,0.875
22928,1215,734,0.875
22929,1215,1149,0.875
15869,849,814,0.875
14128,757,42,0.875
12678,672,127,0.875
4006,219,271,0.857142857143
4966,270,220,0.857142857143
10853,573,740,0.857142857143
12428,659,198,0.857142857143
13261,707,1162,0.857142857143
9715,514,743,0.857142857143
13260,707,531,0.857142857143
3566,197,29,0.857142857143
9714,514,112,0.857142857143
10010,530,77,0.857142857143
23349,1238,689,0.857142857143
12439,659,680,0.857142857143
4967,270,464,0.857142857143
3565,197,680,0.857142857143
4007,219,902,0.857142857143
16849,901,1095,0.857142857143
15445,828,680,0.857142857143
15887,850,902,0.857142857143
558,28,49,0.857142857143
559,28,680,0.857142857143
15446,828,29,0.857142857143
21530,1140,74,0.857142857143
15447,828,660,0.857142857143
4969,270,1095,0.857142857143
16846,901,220,0.857142857143
5908,315,50,0.857142857143
21891,1161,708,0.857142857143
21531,1140,705,0.857142857143
5909,315,681,0.857142857143
4968,270,851,0.857142857143
16847,901,464,0.857142857143
16848,901,851,0.857142857143
12438,659,49,0.857142857143
21890,1161,77,0.857142857143
23348,1238,58,0.857142857143
10852,573,109,0.857142857143
15886,850,271,0.857142857143
3567,197,660,0.857142857143
16319,874,660,0.857142857143
16318,874,29,0.857142857143
9651,509,705,0.857142857143
915,48,829,0.857142857143
1380,76,531,0.857142857143
22732,1204,109,0.857142857143
8669,463,902,0.857142857143
21594,1145,112,0.857142857143
8668,463,271,0.857142857143
20548,1094,271,0.857142857143
20549,1094,902,0.857142857143
15444,828,49,0.857142857143
549,28,829,0.857142857143
12807,679,660,0.857142857143
12806,679,29,0.857142857143
927,48,660,0.857142857143
22733,1204,740,0.857142857143
926,48,29,0.857142857143
9650,509,74,0.857142857143
21595,1145,743,0.857142857143
11469,607,689,0.857142857143
1381,76,1162,0.857142857143
4438,243,29,0.857142857143
12794,679,198,0.857142857143
11468,607,58,0.857142857143
914,48,198,0.857142857143
12795,679,829,0.857142857143
10011,530,708,0.857142857143
548,28,198,0.857142857143
12429,659,829,0.857142857143
3564,197,49,0.857142857143
17788,946,50,0.857142857143
4439,243,660,0.857142857143
17789,946,681,0.857142857143
5968,318,289,0.833333333333
19198,1017,350,0.833333333333
19199,1017,981,0.833333333333
7082,375,112,0.833333333333
23745,1259,844,0.833333333333
5969,318,920,0.833333333333
7083,375,743,0.833333333333
15700,841,9,0.833333333333
18444,980,387,0.833333333333
18445,980,1018,0.833333333333
15701,841,640,0.833333333333
10807,571,643,0.833333333333
12077,639,842,0.833333333333
11865,628,844,0.833333333333
23633,1255,685,0.833333333333
10607,560,713,0.833333333333
11864,628,213,0.833333333333
23632,1255,54,0.833333333333
3499,193,672,0.833333333333
3498,193,41,0.833333333333
3820,210,9,0.833333333333
196,8,211,0.833333333333
197,8,842,0.833333333333
6565,349,1018,0.833333333333
3821,210,640,0.833333333333
22486,1191,82,0.833333333333
6564,349,387,0.833333333333
17848,949,289,0.833333333333
11752,624,54,0.833333333333
11753,624,685,0.833333333333
15379,824,672,0.833333333333
10806,571,12,0.833333333333
10606,560,82,0.833333333333
15378,824,41,0.833333333333
7318,386,350,0.833333333333
18962,1006,112,0.833333333333
18963,1006,743,0.833333333333
17849,949,920,0.833333333333
22686,1202,12,0.833333333333
23744,1259,213,0.833333333333
22487,1191,713,0.833333333333
12076,639,211,0.833333333333
22687,1202,643,0.833333333333
7319,386,981,0.833333333333
19142,1014,198,0.823529411765
3992,218,31,0.823529411765
15010,807,158,0.823529411765
15107,812,1224,0.823529411765
3130,176,158,0.823529411765
15012,807,789,0.823529411765
3131,176,437,0.823529411765
3133,176,1068,0.823529411765
22457,1190,829,0.823529411765
19143,1014,829,0.823529411765
10577,559,829,0.823529411765
3993,218,662,0.823529411765
10576,559,198,0.823529411765
15011,807,437,0.823529411765
15106,812,593,0.823529411765
3227,181,1224,0.823529411765
3226,181,593,0.823529411765
15013,807,1068,0.823529411765
3132,176,789,0.823529411765
11198,592,182,0.823529411765
17942,953,168,0.823529411765
21499,1138,943,0.823529411765
618,31,103,0.823529411765
12498,662,103,0.823529411765
9760,517,32,0.823529411765
9761,517,663,0.823529411765
7263,383,829,0.823529411765
7262,383,198,0.823529411765
12469,661,850,0.823529411765
12468,661,219,0.823529411765
2784,157,177,0.823529411765
2785,157,808,0.823529411765
589,30,850,0.823529411765
620,31,734,0.823529411765
588,30,219,0.823529411765
15872,849,31,0.823529411765
15873,849,662,0.823529411765
21498,1138,312,0.823529411765
21640,1148,32,0.823529411765
6062,322,168,0.823529411765
21641,1148,663,0.823529411765
6063,322,457,0.823529411765
6064,322,799,0.823529411765
6065,322,1088,0.823529411765
619,31,518,0.823529411765
12499,662,518,0.823529411765
12500,662,734,0.823529411765
13760,733,32,0.823529411765
22456,1190,198,0.823529411765
17944,953,799,0.823529411765
23079,1223,813,0.823529411765
11199,592,813,0.823529411765
23078,1223,182,0.823529411765
17945,953,1088,0.823529411765
1880,102,32,0.823529411765
1881,102,663,0.823529411765
8200,436,177,0.823529411765
8201,436,808,0.823529411765
621,31,1149,0.823529411765
13761,733,663,0.823529411765
17943,953,457,0.823529411765
9618,507,312,0.823529411765
9619,507,943,0.823529411765
12501,662,1149,0.823529411765
20081,1067,808,0.823529411765
20080,1067,177,0.823529411765
14665,788,808,0.823529411765
14664,788,177,0.823529411765
19724,1048,605,0.818181818182
19725,1048,1236,0.818181818182
17946,953,317,0.818181818182
7845,417,1236,0.818181818182
11421,604,1049,0.818181818182
11420,604,418,0.818181818182
6066,322,317,0.818181818182
7844,417,605,0.818181818182
5937,316,954,0.818181818182
17947,953,948,0.818181818182
5936,316,323,0.818181818182
6067,322,948,0.818181818182
17817,947,954,0.818181818182
23301,1235,1049,0.818181818182
17816,947,323,0.818181818182
23300,1235,418,0.818181818182
5611,302,728,0.8
13115,697,1233,0.8
13114,697,602,0.8
8210,438,197,0.8
5610,302,97,0.8
15063,809,747,0.8
13639,726,703,0.8
1758,95,72,0.8
1759,95,703,0.8
13029,692,927,0.8
13028,692,296,0.8
8211,438,828,0.8
5466,295,62,0.8
13205,702,727,0.8
6526,346,218,0.8
5467,295,693,0.8
3919,215,918,0.8
3183,178,747,0.8
3182,178,116,0.8
6527,346,849,0.8
17168,917,216,0.8
13954,746,179,0.8
13955,746,810,0.8
17169,917,847,0.8
1148,61,296,0.8
1149,61,927,0.8
13204,702,96,0.8
19448,1033,270,0.8
19449,1033,901,0.8
3976,217,347,0.8
18407,977,849,0.8
18406,977,218,0.8
20266,1079,79,0.8
20267,1079,710,0.8
14183,760,653,0.8
14182,760,22,0.8
20091,1069,828,0.8
2075,115,810,0.8
2074,115,179,0.8
2302,129,22,0.8
2303,129,653,0.8
3977,217,978,0.8
13240,705,317,0.8
8387,448,710,0.8
8386,448,79,0.8
21601,1145,660,0.8
21600,1145,29,0.8
21599,1145,680,0.8
5288,286,216,0.8
5289,286,847,0.8
21598,1145,49,0.8
20090,1069,197,0.8
13638,726,72,0.8
15062,809,116,0.8
13241,705,948,0.8
9247,491,802,0.8
9244,491,27,0.8
22005,1166,680,0.8
21124,1122,27,0.8
15856,848,347,0.8
15857,848,978,0.8
17808,947,75,0.8
17809,947,706,0.8
12294,652,130,0.8
12295,652,761,0.8
14956,804,153,0.8
22004,1166,49,0.8
15911,851,747,0.8
9245,491,171,0.8
14957,804,784,0.8
5929,316,706,0.8
5928,316,75,0.8
1324,71,96,0.8
1325,71,727,0.8
5976,318,82,0.8
5977,318,713,0.8
17491,933,728,0.8
17490,933,97,0.8
21125,1122,171,0.8
3077,173,784,0.8
17347,926,693,0.8
17346,926,62,0.8
23239,1232,698,0.8
15798,846,287,0.8
15799,846,918,0.8
23238,1232,67,0.8
21127,1122,802,0.8
21126,1122,658,0.8
10125,535,680,0.8
10124,535,49,0.8
1234,66,602,0.8
1235,66,1233,0.8
10113,535,829,0.8
10112,535,198,0.8
7569,402,901,0.8
7568,402,270,0.8
3076,173,153,0.8
15910,851,116,0.8
3918,215,287,0.8
414,21,130,0.8
9719,514,680,0.8
17857,949,713,0.8
17856,949,82,0.8
4030,220,116,0.8
11358,601,67,0.8
4031,220,747,0.8
415,21,761,0.8
9718,514,49,0.8
11359,601,698,0.8
9720,514,29,0.8
1360,74,317,0.8
9721,514,660,0.8
9246,491,658,0.8
21993,1166,829,0.8
21992,1166,198,0.8
1361,74,948,0.8
17934,953,131,0.782608695652
13003,691,772,0.782608695652
13002,691,141,0.782608695652
17935,953,762,0.782608695652
2494,140,61,0.782608695652
14375,771,692,0.782608695652
6055,322,762,0.782608695652
2312,130,323,0.782608695652
14374,771,61,0.782608695652
1122,60,141,0.782608695652
14192,761,323,0.782608695652
2495,140,692,0.782608695652
2313,130,954,0.782608695652
1123,60,772,0.782608695652
14193,761,954,0.782608695652
6054,322,131,0.782608695652
17679,941,1234,0.777777777778
21344,1131,81,0.777777777778
19137,1014,1146,0.777777777778
22323,1183,737,0.777777777778
22322,1183,106,0.777777777778
21345,1131,603,0.777777777778
5898,314,51,0.777777777778
15183,816,680,0.777777777778
21346,1131,712,0.777777777778
15182,816,49,0.777777777778
21347,1131,1234,0.777777777778
11541,611,934,0.777777777778
17636,939,278,0.777777777778
17676,941,81,0.777777777778
22420,1188,238,0.777777777778
5796,310,81,0.777777777778
923,48,817,0.777777777778
3302,185,49,0.777777777778
5881,314,639,0.777777777778
3303,185,680,0.777777777778
11540,611,303,0.777777777778
5880,314,8,0.777777777778
17677,941,603,0.777777777778
5899,314,682,0.777777777778
5890,314,128,0.777777777778
5891,314,759,0.777777777778
17678,941,712,0.777777777778
22421,1188,869,0.777777777778
5797,310,603,0.777777777778
5798,310,712,0.777777777778
5799,310,1234,0.777777777778
17637,939,909,0.777777777778
922,48,186,0.777777777778
12534,664,411,0.777777777778
19136,1014,515,0.777777777778
23561,1248,1173,0.777777777778
21921,1162,682,0.777777777778
21920,1162,51,0.777777777778
7720,410,34,0.777777777778
7721,410,665,0.777777777778
9466,500,712,0.777777777778
9465,500,603,0.777777777778
9464,500,81,0.777777777778
12802,679,186,0.777777777778
12803,679,817,0.777777777778
16084,861,254,0.777777777778
409,20,746,0.777777777778
408,20,115,0.777777777778
16085,861,885,0.777777777778
20004,1063,414,0.777777777778
20005,1063,1045,0.777777777778
12535,664,1042,0.777777777778
23560,1248,1001,0.777777777778
13013,691,457,0.777777777778
23559,1248,819,0.777777777778
19600,1041,34,0.777777777778
19601,1041,665,0.777777777778
4320,237,558,0.777777777778
4321,237,1189,0.777777777778
10041,531,682,0.777777777778
10040,531,51,0.777777777778
12288,651,115,0.777777777778
12289,651,746,0.777777777778
7257,383,1146,0.777777777778
7256,383,515,0.777777777778
23556,1248,188,0.777777777778
23557,1248,370,0.777777777778
4494,247,285,0.777777777778
4495,247,916,0.777777777778
23558,1248,542,0.777777777778
13012,691,168,0.777777777778
13014,691,799,0.777777777778
2940,167,61,0.777777777778
13537,720,457,0.777777777778
13539,720,1088,0.777777777778
20439,1087,721,0.777777777778
20438,1087,90,0.777777777778
16993,908,940,0.777777777778
16992,908,309,0.777777777778
5240,284,32,0.777777777778
5241,284,663,0.777777777778
2047,114,652,0.777777777778
2046,114,21,0.777777777778
20427,1087,692,0.777777777778
20426,1087,61,0.777777777778
8125,432,1045,0.777777777778
8124,432,414,0.777777777778
13926,745,21,0.777777777778
13927,745,652,0.777777777778
13538,720,799,0.777777777778
13536,720,168,0.777777777778
13015,691,1088,0.777777777778
8546,456,61,0.777777777778
16200,868,558,0.777777777778
16201,868,1189,0.777777777778
17121,915,663,0.777777777778
17120,915,32,0.777777777778
16374,878,285,0.777777777778
16375,878,916,0.777777777778
5112,277,309,0.777777777778
5113,277,940,0.777777777778
1656,89,168,0.777777777778
8559,456,721,0.777777777778
8558,456,90,0.777777777778
1657,89,457,0.777777777778
1658,89,799,0.777777777778
1659,89,1088,0.777777777778
8547,456,692,0.777777777778
17779,945,682,0.777777777778
9467,500,1234,0.777777777778
2941,167,692,0.777777777778
1134,60,799,0.777777777778
654,33,411,0.777777777778
655,33,1042,0.777777777778
11677,617,370,0.777777777778
11678,617,542,0.777777777778
11679,617,819,0.777777777778
11680,617,1001,0.777777777778
10443,552,737,0.777777777778
1132,60,168,0.777777777778
1133,60,457,0.777777777778
1135,60,1088,0.777777777778
23421,1242,934,0.777777777778
4205,230,885,0.777777777778
10541,557,869,0.777777777778
4204,230,254,0.777777777778
10540,557,238,0.777777777778
5757,308,909,0.777777777778
5756,308,278,0.777777777778
17761,945,639,0.777777777778
17760,945,8,0.777777777778
10442,552,106,0.777777777778
11676,617,188,0.777777777778
11681,617,1173,0.777777777778
14821,798,692,0.777777777778
14833,798,721,0.777777777778
23420,1242,303,0.777777777778
14832,798,90,0.777777777778
17771,945,759,0.777777777778
17770,945,128,0.777777777778
17778,945,51,0.777777777778
2953,167,721,0.777777777778
2952,167,90,0.777777777778
14820,798,61,0.777777777778
6076,323,297,0.774193548387
17363,927,955,0.774193548387
17362,927,324,0.774193548387
5482,296,324,0.774193548387
17956,954,297,0.774193548387
17957,954,928,0.774193548387
5483,296,955,0.774193548387
6077,323,928,0.774193548387
22123,1173,861,0.769230769231
11741,623,643,0.769230769231
8646,462,24,0.769230769231
8647,462,655,0.769230769231
11740,623,12,0.769230769231
5488,297,131,0.769230769231
7074,375,198,0.769230769231
7075,375,829,0.769230769231
5421,292,855,0.769230769231
6476,344,177,0.769230769231
920,48,112,0.769230769231
2315,130,929,0.769230769231
2314,130,298,0.769230769231
6363,339,794,0.769230769231
7555,400,756,0.769230769231
7554,400,125,0.769230769231
5489,297,762,0.769230769231
22122,1173,230,0.769230769231
8795,470,725,0.769230769231
6477,344,808,0.769230769231
8794,470,94,0.769230769231
5000,272,177,0.769230769231
5001,272,808,0.769230769231
18357,975,808,0.769230769231
18356,975,177,0.769230769231
17406,930,27,0.769230769231
8712,466,230,0.769230769231
8713,466,861,0.769230769231
17407,930,171,0.769230769231
181,8,634,0.769230769231
5528,299,658,0.769230769231
2013,111,680,0.769230769231
2012,111,49,0.769230769231
5318,287,29,0.769230769231
5319,287,660,0.769230769231
7958,423,97,0.769230769231
7959,423,728,0.769230769231
5529,299,802,0.769230769231
5527,299,171,0.769230769231
2015,111,660,0.769230769231
7424,392,97,0.769230769231
5526,299,27,0.769230769231
16880,903,177,0.769230769231
57,2,640,0.769230769231
56,2,9,0.769230769231
16881,903,808,0.769230769231
7425,392,728,0.769230769231
2014,111,29,0.769230769231
18242,970,163,0.769230769231
180,8,3,0.769230769231
3921,215,863,0.769230769231
5420,292,224,0.769230769231
17408,930,658,0.769230769231
14195,761,929,0.769230769231
14194,761,298,0.769230769231
19145,1015,784,0.769230769231
19144,1015,153,0.769230769231
17409,930,802,0.769230769231
19434,1031,125,0.769230769231
18243,970,794,0.769230769231
13895,742,660,0.769230769231
13894,742,29,0.769230769231
13893,742,680,0.769230769231
5282,286,232,0.769230769231
5283,286,863,0.769230769231
13892,742,49,0.769230769231
19435,1031,756,0.769230769231
6362,339,163,0.769230769231
20674,1101,94,0.769230769231
16315,874,743,0.769230769231
12060,639,3,0.769230769231
4434,243,112,0.769230769231
4435,243,743,0.769230769231
14691,790,871,0.769230769231
14690,790,240,0.769230769231
7291,385,904,0.769230769231
12061,639,634,0.769230769231
15801,846,863,0.769230769231
15800,846,232,0.769230769231
17522,935,27,0.769230769231
12434,659,112,0.769230769231
20527,1093,655,0.769230769231
20526,1093,24,0.769230769231
10242,542,230,0.769230769231
17523,935,171,0.769230769231
10243,542,861,0.769230769231
19171,1016,904,0.769230769231
17524,935,658,0.769230769231
16314,874,112,0.769230769231
12435,659,743,0.769230769231
554,28,112,0.769230769231
17199,918,660,0.769230769231
2865,162,971,0.769230769231
20592,1097,230,0.769230769231
17301,923,855,0.769230769231
7265,384,784,0.769230769231
17300,923,224,0.769230769231
7264,384,153,0.769230769231
7290,385,273,0.769230769231
4346,239,160,0.769230769231
4347,239,791,0.769230769231
2864,162,340,0.769230769231
555,28,743,0.769230769231
9941,527,643,0.769230769231
9940,527,12,0.769230769231
14745,793,971,0.769230769231
14744,793,340,0.769230769231
9903,525,756,0.769230769231
9902,525,125,0.769230769231
2811,159,871,0.769230769231
2810,159,240,0.769230769231
19170,1016,273,0.769230769231
17525,935,802,0.769230769231
17198,918,29,0.769230769231
19838,1054,97,0.769230769231
21821,1158,643,0.769230769231
21820,1158,12,0.769230769231
17163,917,863,0.769230769231
17162,917,232,0.769230769231
18955,1006,829,0.769230769231
19305,1023,728,0.769230769231
17368,928,131,0.769230769231
21783,1156,756,0.769230769231
19304,1023,97,0.769230769231
21782,1156,125,0.769230769231
17369,928,762,0.769230769231
18966,1006,49,0.769230769231
20675,1101,725,0.769230769231
18967,1006,680,0.769230769231
20593,1097,861,0.769230769231
16226,870,160,0.769230769231
16227,870,791,0.769230769231
7087,375,680,0.769230769231
7086,375,49,0.769230769231
23621,1254,643,0.769230769231
16101,862,847,0.769230769231
16100,862,216,0.769230769231
11936,633,9,0.769230769231
19839,1054,728,0.769230769231
3920,215,232,0.769230769231
4221,231,847,0.769230769231
4220,231,216,0.769230769231
5645,304,802,0.769230769231
5644,304,658,0.769230769231
5643,304,171,0.769230769231
5642,304,27,0.769230769231
921,48,743,0.769230769231
12800,679,112,0.769230769231
12801,679,743,0.769230769231
18954,1006,198,0.769230769231
23620,1254,12,0.769230769231
11937,633,640,0.769230769231
10770,569,117,0.761904761905
13973,747,1201,0.761904761905
23569,1248,1201,0.761904761905
9431,499,748,0.761904761905
9430,499,117,0.761904761905
10771,569,748,0.761904761905
23568,1248,570,0.761904761905
13972,747,570,0.761904761905
17937,953,692,0.761904761905
22650,1200,117,0.761904761905
11689,617,1201,0.761904761905
11688,617,570,0.761904761905
21311,1130,748,0.761904761905
13553,720,954,0.761904761905
13552,720,323,0.761904761905
2092,116,570,0.761904761905
2093,116,1201,0.761904761905
2096,116,500,0.761904761905
2097,116,1131,0.761904761905
21310,1130,117,0.761904761905
22651,1200,748,0.761904761905
1139,60,954,0.761904761905
1673,89,954,0.761904761905
1672,89,323,0.761904761905
13019,691,954,0.761904761905
6073,322,721,0.761904761905
6072,322,90,0.761904761905
17936,953,61,0.761904761905
6057,322,692,0.761904761905
6056,322,61,0.761904761905
13018,691,323,0.761904761905
17953,953,721,0.761904761905
1138,60,323,0.761904761905
17952,953,90,0.761904761905
13976,747,500,0.761904761905
13977,747,1131,0.761904761905
17352,926,212,0.75
1456,79,638,0.75
4648,254,38,0.75
4649,254,669,0.75
4654,254,123,0.75
4655,254,754,0.75
11793,625,708,0.75
14948,804,169,0.75
1454,79,7,0.75
1455,79,326,0.75
1457,79,957,0.75
5647,304,800,0.75
9471,500,746,0.75
9470,500,115,0.75
10780,569,318,0.75
10781,569,949,0.75
16080,861,244,0.75
1065,56,701,0.75
16081,861,875,0.75
1064,56,70,0.75
14949,804,800,0.75
5646,304,169,0.75
17885,950,662,0.75
5889,314,1149,0.75
4633,253,660,0.75
6005,319,662,0.75
21913,1162,1149,0.75
21912,1162,734,0.75
21911,1162,518,0.75
21910,1162,103,0.75
18693,992,909,0.75
18692,992,278,0.75
6812,361,278,0.75
6813,361,909,0.75
16060,860,215,0.75
16061,860,846,0.75
4616,253,198,0.75
4617,253,829,0.75
17884,950,31,0.75
4630,253,49,0.75
5784,310,226,0.75
5785,310,451,0.75
4631,253,680,0.75
4632,253,29,0.75
12836,681,103,0.75
12837,681,518,0.75
12018,637,80,0.75
3835,211,927,0.75
21086,1119,211,0.75
9207,488,842,0.75
9206,488,211,0.75
23081,1224,702,0.75
23080,1224,71,0.75
12944,687,70,0.75
12945,687,701,0.75
1514,82,129,0.75
1515,82,484,0.75
20652,1100,179,0.75
1516,82,760,0.75
1517,82,1115,0.75
19327,1025,791,0.75
19326,1025,160,0.75
16194,868,372,0.75
16195,868,1003,0.75
719,37,886,0.75
9083,483,714,0.75
9082,483,83,0.75
21087,1119,842,0.75
2500,140,317,0.75
2501,140,948,0.75
16088,861,29,0.75
3834,211,296,0.75
12838,681,734,0.75
5888,314,734,0.75
12839,681,1149,0.75
16086,861,49,0.75
16087,861,680,0.75
5887,314,518,0.75
5886,314,103,0.75
16089,861,660,0.75
16093,861,829,0.75
9329,494,646,0.75
9328,494,15,0.75
718,37,255,0.75
11449,606,634,0.75
5786,310,857,0.75
5787,310,1082,0.75
11448,606,3,0.75
16092,861,198,0.75
6004,319,31,0.75
12599,668,886,0.75
12598,668,255,0.75
641,32,642,0.75
17769,945,1149,0.75
17353,926,843,0.75
4181,229,846,0.75
12100,641,33,0.75
12101,641,664,0.75
4180,229,215,0.75
17768,945,734,0.75
1254,67,196,0.75
1255,67,827,0.75
10071,533,709,0.75
10070,533,78,0.75
17767,945,518,0.75
4314,237,372,0.75
4315,237,1003,0.75
18871,1002,869,0.75
18870,1002,238,0.75
17766,945,103,0.75
10374,547,106,0.75
10375,547,737,0.75
640,32,11,0.75
15781,845,861,0.75
3069,173,800,0.75
12043,638,1149,0.75
4200,230,244,0.75
4201,230,875,0.75
12019,637,478,0.75
12020,637,711,0.75
12021,637,1109,0.75
3027,171,646,0.75
4206,230,49,0.75
4207,230,680,0.75
4208,230,29,0.75
4209,230,660,0.75
3026,171,15,0.75
4212,230,198,0.75
4213,230,829,0.75
23241,1232,770,0.75
23240,1232,139,0.75
15780,845,230,0.75
12040,638,103,0.75
12041,638,518,0.75
12042,638,734,0.75
3068,173,169,0.75
14906,802,15,0.75
21950,1164,78,0.75
5933,316,772,0.75
22472,1190,112,0.75
9775,517,682,0.75
9774,517,51,0.75
5932,316,141,0.75
9763,517,639,0.75
15715,842,927,0.75
15714,842,296,0.75
9762,517,8,0.75
11792,625,77,0.75
12521,663,642,0.75
22660,1200,318,0.75
22661,1200,949,0.75
20963,1114,714,0.75
11201,593,702,0.75
3901,214,861,0.75
3900,214,230,0.75
14657,788,976,0.75
14656,788,345,0.75
21951,1164,709,0.75
22473,1190,743,0.75
2776,157,345,0.75
14907,802,646,0.75
2777,157,976,0.75
1282,69,57,0.75
1283,69,688,0.75
10033,531,1149,0.75
10032,531,734,0.75
10031,531,518,0.75
10030,531,103,0.75
10592,559,112,0.75
10593,559,743,0.75
17812,947,141,0.75
17813,947,772,0.75
23197,1229,1099,0.75
23196,1229,468,0.75
7251,383,743,0.75
7250,383,112,0.75
1332,72,133,0.75
20962,1114,83,0.75
1333,72,764,0.75
19130,1014,112,0.75
19131,1014,743,0.75
12520,663,11,0.75
11200,593,71,0.75
11027,583,819,0.75
14222,763,73,0.75
2169,122,886,0.75
21654,1148,51,0.75
6117,325,1109,0.75
6116,325,711,0.75
2168,122,255,0.75
7447,394,791,0.75
14223,763,704,0.75
6462,344,158,0.75
18305,973,670,0.75
22908,1214,1001,0.75
18304,973,39,0.75
11024,583,188,0.75
6115,325,478,0.75
11025,583,370,0.75
16528,885,38,0.75
6114,325,80,0.75
22909,1214,1173,0.75
16529,885,669,0.75
6463,344,437,0.75
21655,1148,682,0.75
16513,884,660,0.75
16512,884,29,0.75
21209,1125,646,0.75
5100,277,362,0.75
5101,277,993,0.75
13394,713,129,0.75
13395,713,484,0.75
13396,713,760,0.75
16496,884,198,0.75
13763,733,639,0.75
13577,721,827,0.75
16497,884,829,0.75
6465,344,1068,0.75
21351,1131,746,0.75
6464,344,789,0.75
13397,713,1115,0.75
16510,884,49,0.75
23329,1237,634,0.75
16511,884,680,0.75
21643,1148,639,0.75
21642,1148,8,0.75
18342,975,158,0.75
16981,908,993,0.75
20848,1108,638,0.75
3517,195,699,0.75
3516,195,68,0.75
20849,1108,957,0.75
6990,371,238,0.75
6991,371,869,0.75
16980,908,362,0.75
22904,1214,188,0.75
1696,90,196,0.75
11026,583,542,0.75
1697,90,827,0.75
141,6,1109,0.75
17664,941,226,0.75
140,6,711,0.75
139,6,478,0.75
138,6,80,0.75
14174,759,83,0.75
14175,759,714,0.75
20847,1108,326,0.75
23328,1237,3,0.75
20846,1108,7,0.75
21208,1125,15,0.75
22907,1214,819,0.75
11028,583,1001,0.75
11029,583,1173,0.75
11317,598,1099,0.75
11316,598,468,0.75
22906,1214,542,0.75
16534,885,123,0.75
16535,885,754,0.75
17667,941,1082,0.75
17666,941,857,0.75
163,7,1149,0.75
22905,1214,370,0.75
162,7,734,0.75
7446,394,160,0.75
17665,941,451,0.75
161,7,518,0.75
160,7,103,0.75
13774,733,51,0.75
13762,733,8,0.75
18343,975,437,0.75
8966,477,7,0.75
13163,700,688,0.75
14048,753,255,0.75
14049,753,886,0.75
1894,102,51,0.75
1895,102,682,0.75
17526,935,169,0.75
18344,975,789,0.75
6424,342,39,0.75
2343,132,704,0.75
2342,132,73,0.75
20072,1067,345,0.75
20073,1067,976,0.75
959,50,1149,0.75
13212,703,133,0.75
22254,1178,106,0.75
13162,700,57,0.75
8967,477,326,0.75
958,50,734,0.75
1883,102,639,0.75
13134,698,196,0.75
13135,698,827,0.75
8987,478,670,0.75
20866,1109,39,0.75
8986,478,39,0.75
20653,1100,810,0.75
14381,771,948,0.75
5473,295,843,0.75
5472,295,212,0.75
8969,477,957,0.75
15397,826,699,0.75
14380,771,317,0.75
15396,826,68,0.75
1882,102,8,0.75
8968,477,638,0.75
13213,703,764,0.75
13576,721,196,0.75
957,50,518,0.75
11360,601,139,0.75
221,10,664,0.75
17527,935,800,0.75
13337,710,957,0.75
13336,710,638,0.75
17996,956,711,0.75
13335,710,326,0.75
13775,733,682,0.75
220,10,33,0.75
8193,436,976,0.75
21350,1131,115,0.75
13334,710,7,0.75
8772,469,179,0.75
20867,1109,670,0.75
8773,469,810,0.75
23672,1256,77,0.75
23673,1256,708,0.75
17997,956,1109,0.75
956,50,103,0.75
17995,956,478,0.75
17994,956,80,0.75
6425,342,670,0.75
18345,975,1068,0.75
2294,128,83,0.75
2295,128,714,0.75
11361,601,770,0.75
8192,436,345,0.75
22255,1178,737,0.75
